Added Component: Designator=3(FP-CRCW0805-e3-IPC_B)
Add component (AddParameter): Name = "Case Code (Imperial)"; Value = "0805"; VariantName = "[No Variations]"
Add component (AddParameter): Name = "Case Code (Metric)"; Value = "2012"; VariantName = "[No Variations]"
Add component (AddParameter): Name = "Case/Package"; Value = "0805"; VariantName = "[No Variations]"
Add component (AddParameter): Name = "Composition"; Value = "Thick Film"; VariantName = "[No Variations]"
Add component (AddParameter): Name = "Contact Plating"; Value = "Tin"; VariantName = "[No Variations]"
Add component (AddParameter): Name = "Features"; Value = "Automotive AEC-Q200"; VariantName = "[No Variations]"
Add component (AddParameter): Name = "Height"; Value = "0.02inch"; VariantName = "[No Variations]"
Add component (AddParameter): Name = "Lead Free"; Value = "Lead Free"; VariantName = "[No Variations]"
Add component (AddParameter): Name = "Length"; Value = "0.079inch"; VariantName = "[No Variations]"
Add component (AddParameter): Name = "Max Operating Temperature"; Value = "155°C"; VariantName = "[No Variations]"
Add component (AddParameter): Name = "Max Power Dissipation"; Value = "125mW"; VariantName = "[No Variations]"
Add component (AddParameter): Name = "Min Operating Temperature"; Value = "-55°C"; VariantName = "[No Variations]"
Add component (AddParameter): Name = "Number of Terminations"; Value = "2"; VariantName = "[No Variations]"
Add component (AddParameter): Name = "Package Quantity"; Value = "5000"; VariantName = "[No Variations]"
Add component (AddParameter): Name = "Packaging"; Value = "Tape and Reel"; VariantName = "[No Variations]"
Add component (AddParameter): Name = "Power Rating"; Value = "125mW"; VariantName = "[No Variations]"
Add component (AddParameter): Name = "Radiation Hardening"; Value = "No"; VariantName = "[No Variations]"
Add component (AddParameter): Name = "Resistance"; Value = "2.49R"; VariantName = "[No Variations]"
Add component (AddParameter): Name = "Temperature Coefficient"; Value = "200ppm/°C"; VariantName = "[No Variations]"
Add component (AddParameter): Name = "Termination"; Value = "SMD/SMT"; VariantName = "[No Variations]"
Add component (AddParameter): Name = "Tolerance"; Value = "1%"; VariantName = "[No Variations]"
Add component (AddParameter): Name = "Voltage Rating"; Value = "150V"; VariantName = "[No Variations]"
Add component (AddParameter): Name = "Voltage Rating (DC)"; Value = "150V"; VariantName = "[No Variations]"
Add component (AddParameter): Name = "Weight"; Value = "0.000194oz"; VariantName = "[No Variations]"
Add component (AddParameter): Name = "Width"; Value = "1.25mm"; VariantName = "[No Variations]"
Added Component: Designator=C1(FP-CL32-IPC_B)
Add component (AddParameter): Name = "Capacitance"; Value = "22uF"; VariantName = "[No Variations]"
Add component (AddParameter): Name = "Case Code (Imperial)"; Value = "1210"; VariantName = "[No Variations]"
Add component (AddParameter): Name = "Case Code (Metric)"; Value = "3225"; VariantName = "[No Variations]"
Add component (AddParameter): Name = "Case/Package"; Value = "1210"; VariantName = "[No Variations]"
Add component (AddParameter): Name = "Depth"; Value = "2.5mm"; VariantName = "[No Variations]"
Add component (AddParameter): Name = "Dielectric"; Value = "X7R"; VariantName = "[No Variations]"
Add component (AddParameter): Name = "Height"; Value = "2.5mm"; VariantName = "[No Variations]"
Add component (AddParameter): Name = "Lead Free"; Value = "Lead Free"; VariantName = "[No Variations]"
Add component (AddParameter): Name = "Length"; Value = "3.2mm"; VariantName = "[No Variations]"
Add component (AddParameter): Name = "Max Operating Temperature"; Value = "125°C"; VariantName = "[No Variations]"
Add component (AddParameter): Name = "Min Operating Temperature"; Value = "-55°C"; VariantName = "[No Variations]"
Add component (AddParameter): Name = "Mount"; Value = "Surface Mount"; VariantName = "[No Variations]"
Add component (AddParameter): Name = "Package Quantity"; Value = "1"; VariantName = "[No Variations]"
Add component (AddParameter): Name = "Packaging"; Value = "Tape and Reel"; VariantName = "[No Variations]"
Add component (AddParameter): Name = "Radiation Hardening"; Value = "No"; VariantName = "[No Variations]"
Add component (AddParameter): Name = "Thickness"; Value = "0.106inch"; VariantName = "[No Variations]"
Add component (AddParameter): Name = "Tolerance"; Value = "20%"; VariantName = "[No Variations]"
Add component (AddParameter): Name = "Voltage Rating"; Value = "6.3V"; VariantName = "[No Variations]"
Add component (AddParameter): Name = "Voltage Rating (DC)"; Value = "6.3V"; VariantName = "[No Variations]"
Add component (AddParameter): Name = "Width"; Value = "0.098inch"; VariantName = "[No Variations]"
Added Component: Designator=C2(FP-CL32-IPC_B)
Add component (AddParameter): Name = "Capacitance"; Value = "22uF"; VariantName = "[No Variations]"
Add component (AddParameter): Name = "Case Code (Imperial)"; Value = "1210"; VariantName = "[No Variations]"
Add component (AddParameter): Name = "Case Code (Metric)"; Value = "3225"; VariantName = "[No Variations]"
Add component (AddParameter): Name = "Case/Package"; Value = "1210"; VariantName = "[No Variations]"
Add component (AddParameter): Name = "Depth"; Value = "2.5mm"; VariantName = "[No Variations]"
Add component (AddParameter): Name = "Dielectric"; Value = "X7R"; VariantName = "[No Variations]"
Add component (AddParameter): Name = "Height"; Value = "2.5mm"; VariantName = "[No Variations]"
Add component (AddParameter): Name = "Lead Free"; Value = "Lead Free"; VariantName = "[No Variations]"
Add component (AddParameter): Name = "Length"; Value = "3.2mm"; VariantName = "[No Variations]"
Add component (AddParameter): Name = "Max Operating Temperature"; Value = "125°C"; VariantName = "[No Variations]"
Add component (AddParameter): Name = "Min Operating Temperature"; Value = "-55°C"; VariantName = "[No Variations]"
Add component (AddParameter): Name = "Mount"; Value = "Surface Mount"; VariantName = "[No Variations]"
Add component (AddParameter): Name = "Package Quantity"; Value = "1"; VariantName = "[No Variations]"
Add component (AddParameter): Name = "Packaging"; Value = "Tape and Reel"; VariantName = "[No Variations]"
Add component (AddParameter): Name = "Radiation Hardening"; Value = "No"; VariantName = "[No Variations]"
Add component (AddParameter): Name = "Thickness"; Value = "0.106inch"; VariantName = "[No Variations]"
Add component (AddParameter): Name = "Tolerance"; Value = "20%"; VariantName = "[No Variations]"
Add component (AddParameter): Name = "Voltage Rating"; Value = "6.3V"; VariantName = "[No Variations]"
Add component (AddParameter): Name = "Voltage Rating (DC)"; Value = "6.3V"; VariantName = "[No Variations]"
Add component (AddParameter): Name = "Width"; Value = "0.098inch"; VariantName = "[No Variations]"
Added Component: Designator=C3(FP-CL21-IPC_B)
Add component (AddParameter): Name = "Capacitance"; Value = "1uF"; VariantName = "[No Variations]"
Add component (AddParameter): Name = "Case/Package"; Value = "0805"; VariantName = "[No Variations]"
Add component (AddParameter): Name = "Depth"; Value = "1.25mm"; VariantName = "[No Variations]"
Add component (AddParameter): Name = "Dielectric"; Value = "Y5V"; VariantName = "[No Variations]"
Add component (AddParameter): Name = "Height"; Value = "1.25mm"; VariantName = "[No Variations]"
Add component (AddParameter): Name = "Length"; Value = "2mm"; VariantName = "[No Variations]"
Add component (AddParameter): Name = "Max Operating Temperature"; Value = "85°C"; VariantName = "[No Variations]"
Add component (AddParameter): Name = "Min Operating Temperature"; Value = "-30°C"; VariantName = "[No Variations]"
Add component (AddParameter): Name = "Mount"; Value = "Surface Mount"; VariantName = "[No Variations]"
Add component (AddParameter): Name = "Package Quantity"; Value = "10000"; VariantName = "[No Variations]"
Add component (AddParameter): Name = "Packaging"; Value = "Tape and Reel"; VariantName = "[No Variations]"
Add component (AddParameter): Name = "Radiation Hardening"; Value = "No"; VariantName = "[No Variations]"
Add component (AddParameter): Name = "Thickness"; Value = "0.053inch"; VariantName = "[No Variations]"
Add component (AddParameter): Name = "Tolerance"; Value = "80%"; VariantName = "[No Variations]"
Add component (AddParameter): Name = "Voltage Rating"; Value = "25V"; VariantName = "[No Variations]"
Add component (AddParameter): Name = "Voltage Rating (DC)"; Value = "25V"; VariantName = "[No Variations]"
Add component (AddParameter): Name = "Width"; Value = "0.049inch"; VariantName = "[No Variations]"
Added Component: Designator=C4(FP-CL21-IPC_B)
Add component (AddParameter): Name = "Capacitance"; Value = "2.2uF"; VariantName = "[No Variations]"
Add component (AddParameter): Name = "Case/Package"; Value = "0805"; VariantName = "[No Variations]"
Add component (AddParameter): Name = "Depth"; Value = "1.25mm"; VariantName = "[No Variations]"
Add component (AddParameter): Name = "Dielectric"; Value = "Y5V"; VariantName = "[No Variations]"
Add component (AddParameter): Name = "Height"; Value = "1.25mm"; VariantName = "[No Variations]"
Add component (AddParameter): Name = "Lead Free"; Value = "Lead Free"; VariantName = "[No Variations]"
Add component (AddParameter): Name = "Length"; Value = "2mm"; VariantName = "[No Variations]"
Add component (AddParameter): Name = "Max Operating Temperature"; Value = "85°C"; VariantName = "[No Variations]"
Add component (AddParameter): Name = "Min Operating Temperature"; Value = "-30°C"; VariantName = "[No Variations]"
Add component (AddParameter): Name = "Mount"; Value = "Surface Mount"; VariantName = "[No Variations]"
Add component (AddParameter): Name = "Package Quantity"; Value = "10000"; VariantName = "[No Variations]"
Add component (AddParameter): Name = "Packaging"; Value = "Tape and Reel"; VariantName = "[No Variations]"
Add component (AddParameter): Name = "Radiation Hardening"; Value = "No"; VariantName = "[No Variations]"
Add component (AddParameter): Name = "Thickness"; Value = "0.053inch"; VariantName = "[No Variations]"
Add component (AddParameter): Name = "Tolerance"; Value = "80%"; VariantName = "[No Variations]"
Add component (AddParameter): Name = "Voltage"; Value = "10V"; VariantName = "[No Variations]"
Add component (AddParameter): Name = "Voltage Rating"; Value = "16V"; VariantName = "[No Variations]"
Add component (AddParameter): Name = "Voltage Rating (DC)"; Value = "16V"; VariantName = "[No Variations]"
Add component (AddParameter): Name = "Width"; Value = "0.049inch"; VariantName = "[No Variations]"
Added Component: Designator=C5(FP-CL21-IPC_B)
Add component (AddParameter): Name = "Capacitance"; Value = "2.2uF"; VariantName = "[No Variations]"
Add component (AddParameter): Name = "Case/Package"; Value = "0805"; VariantName = "[No Variations]"
Add component (AddParameter): Name = "Depth"; Value = "1.25mm"; VariantName = "[No Variations]"
Add component (AddParameter): Name = "Dielectric"; Value = "Y5V"; VariantName = "[No Variations]"
Add component (AddParameter): Name = "Height"; Value = "1.25mm"; VariantName = "[No Variations]"
Add component (AddParameter): Name = "Lead Free"; Value = "Lead Free"; VariantName = "[No Variations]"
Add component (AddParameter): Name = "Length"; Value = "2mm"; VariantName = "[No Variations]"
Add component (AddParameter): Name = "Max Operating Temperature"; Value = "85°C"; VariantName = "[No Variations]"
Add component (AddParameter): Name = "Min Operating Temperature"; Value = "-30°C"; VariantName = "[No Variations]"
Add component (AddParameter): Name = "Mount"; Value = "Surface Mount"; VariantName = "[No Variations]"
Add component (AddParameter): Name = "Package Quantity"; Value = "10000"; VariantName = "[No Variations]"
Add component (AddParameter): Name = "Packaging"; Value = "Tape and Reel"; VariantName = "[No Variations]"
Add component (AddParameter): Name = "Radiation Hardening"; Value = "No"; VariantName = "[No Variations]"
Add component (AddParameter): Name = "Thickness"; Value = "0.053inch"; VariantName = "[No Variations]"
Add component (AddParameter): Name = "Tolerance"; Value = "80%"; VariantName = "[No Variations]"
Add component (AddParameter): Name = "Voltage"; Value = "10V"; VariantName = "[No Variations]"
Add component (AddParameter): Name = "Voltage Rating"; Value = "16V"; VariantName = "[No Variations]"
Add component (AddParameter): Name = "Voltage Rating (DC)"; Value = "16V"; VariantName = "[No Variations]"
Add component (AddParameter): Name = "Width"; Value = "0.049inch"; VariantName = "[No Variations]"
Added Component: Designator=C6(FP-CL10-IPC_C)
Add component (AddParameter): Name = "Capacitance"; Value = "100nF"; VariantName = "[No Variations]"
Add component (AddParameter): Name = "Case Code (Imperial)"; Value = "0603"; VariantName = "[No Variations]"
Add component (AddParameter): Name = "Case Code (Metric)"; Value = "1608"; VariantName = "[No Variations]"
Add component (AddParameter): Name = "Case/Package"; Value = "0603"; VariantName = "[No Variations]"
Add component (AddParameter): Name = "Depth"; Value = "0.8mm"; VariantName = "[No Variations]"
Add component (AddParameter): Name = "Dielectric"; Value = "X7R"; VariantName = "[No Variations]"
Add component (AddParameter): Name = "Height"; Value = "0.8mm"; VariantName = "[No Variations]"
Add component (AddParameter): Name = "Length"; Value = "1.6mm"; VariantName = "[No Variations]"
Add component (AddParameter): Name = "Max Operating Temperature"; Value = "125°C"; VariantName = "[No Variations]"
Add component (AddParameter): Name = "Min Operating Temperature"; Value = "-55°C"; VariantName = "[No Variations]"
Add component (AddParameter): Name = "Mount"; Value = "Surface Mount"; VariantName = "[No Variations]"
Add component (AddParameter): Name = "Packaging"; Value = "Tape and Reel"; VariantName = "[No Variations]"
Add component (AddParameter): Name = "Radiation Hardening"; Value = "No"; VariantName = "[No Variations]"
Add component (AddParameter): Name = "Thickness"; Value = "0.035inch"; VariantName = "[No Variations]"
Add component (AddParameter): Name = "Tolerance"; Value = "10%"; VariantName = "[No Variations]"
Add component (AddParameter): Name = "Voltage Rating"; Value = "25V"; VariantName = "[No Variations]"
Add component (AddParameter): Name = "Width"; Value = "0.031inch"; VariantName = "[No Variations]"
Added Component: Designator=C7(FP-CL10-IPC_C)
Add component (AddParameter): Name = "Capacitance"; Value = "100nF"; VariantName = "[No Variations]"
Add component (AddParameter): Name = "Case Code (Imperial)"; Value = "0603"; VariantName = "[No Variations]"
Add component (AddParameter): Name = "Case Code (Metric)"; Value = "1608"; VariantName = "[No Variations]"
Add component (AddParameter): Name = "Case/Package"; Value = "0603"; VariantName = "[No Variations]"
Add component (AddParameter): Name = "Depth"; Value = "0.8mm"; VariantName = "[No Variations]"
Add component (AddParameter): Name = "Dielectric"; Value = "X7R"; VariantName = "[No Variations]"
Add component (AddParameter): Name = "Height"; Value = "0.8mm"; VariantName = "[No Variations]"
Add component (AddParameter): Name = "Length"; Value = "1.6mm"; VariantName = "[No Variations]"
Add component (AddParameter): Name = "Max Operating Temperature"; Value = "125°C"; VariantName = "[No Variations]"
Add component (AddParameter): Name = "Min Operating Temperature"; Value = "-55°C"; VariantName = "[No Variations]"
Add component (AddParameter): Name = "Mount"; Value = "Surface Mount"; VariantName = "[No Variations]"
Add component (AddParameter): Name = "Packaging"; Value = "Tape and Reel"; VariantName = "[No Variations]"
Add component (AddParameter): Name = "Radiation Hardening"; Value = "No"; VariantName = "[No Variations]"
Add component (AddParameter): Name = "Thickness"; Value = "0.035inch"; VariantName = "[No Variations]"
Add component (AddParameter): Name = "Tolerance"; Value = "10%"; VariantName = "[No Variations]"
Add component (AddParameter): Name = "Voltage Rating"; Value = "25V"; VariantName = "[No Variations]"
Add component (AddParameter): Name = "Width"; Value = "0.031inch"; VariantName = "[No Variations]"
Added Component: Designator=C8(FP-CL10-IPC_C)
Add component (AddParameter): Name = "Capacitance"; Value = "100nF"; VariantName = "[No Variations]"
Add component (AddParameter): Name = "Case Code (Imperial)"; Value = "0603"; VariantName = "[No Variations]"
Add component (AddParameter): Name = "Case Code (Metric)"; Value = "1608"; VariantName = "[No Variations]"
Add component (AddParameter): Name = "Case/Package"; Value = "0603"; VariantName = "[No Variations]"
Add component (AddParameter): Name = "Depth"; Value = "0.8mm"; VariantName = "[No Variations]"
Add component (AddParameter): Name = "Dielectric"; Value = "X7R"; VariantName = "[No Variations]"
Add component (AddParameter): Name = "Height"; Value = "0.8mm"; VariantName = "[No Variations]"
Add component (AddParameter): Name = "Length"; Value = "1.6mm"; VariantName = "[No Variations]"
Add component (AddParameter): Name = "Max Operating Temperature"; Value = "125°C"; VariantName = "[No Variations]"
Add component (AddParameter): Name = "Min Operating Temperature"; Value = "-55°C"; VariantName = "[No Variations]"
Add component (AddParameter): Name = "Mount"; Value = "Surface Mount"; VariantName = "[No Variations]"
Add component (AddParameter): Name = "Packaging"; Value = "Tape and Reel"; VariantName = "[No Variations]"
Add component (AddParameter): Name = "Radiation Hardening"; Value = "No"; VariantName = "[No Variations]"
Add component (AddParameter): Name = "Thickness"; Value = "0.035inch"; VariantName = "[No Variations]"
Add component (AddParameter): Name = "Tolerance"; Value = "10%"; VariantName = "[No Variations]"
Add component (AddParameter): Name = "Voltage Rating"; Value = "25V"; VariantName = "[No Variations]"
Add component (AddParameter): Name = "Width"; Value = "0.031inch"; VariantName = "[No Variations]"
Added Component: Designator=C9(FP-CL10-IPC_C)
Add component (AddParameter): Name = "Capacitance"; Value = "100nF"; VariantName = "[No Variations]"
Add component (AddParameter): Name = "Case Code (Imperial)"; Value = "0603"; VariantName = "[No Variations]"
Add component (AddParameter): Name = "Case Code (Metric)"; Value = "1608"; VariantName = "[No Variations]"
Add component (AddParameter): Name = "Case/Package"; Value = "0603"; VariantName = "[No Variations]"
Add component (AddParameter): Name = "Depth"; Value = "0.8mm"; VariantName = "[No Variations]"
Add component (AddParameter): Name = "Dielectric"; Value = "X7R"; VariantName = "[No Variations]"
Add component (AddParameter): Name = "Height"; Value = "0.8mm"; VariantName = "[No Variations]"
Add component (AddParameter): Name = "Length"; Value = "1.6mm"; VariantName = "[No Variations]"
Add component (AddParameter): Name = "Max Operating Temperature"; Value = "125°C"; VariantName = "[No Variations]"
Add component (AddParameter): Name = "Min Operating Temperature"; Value = "-55°C"; VariantName = "[No Variations]"
Add component (AddParameter): Name = "Mount"; Value = "Surface Mount"; VariantName = "[No Variations]"
Add component (AddParameter): Name = "Packaging"; Value = "Tape and Reel"; VariantName = "[No Variations]"
Add component (AddParameter): Name = "Radiation Hardening"; Value = "No"; VariantName = "[No Variations]"
Add component (AddParameter): Name = "Thickness"; Value = "0.035inch"; VariantName = "[No Variations]"
Add component (AddParameter): Name = "Tolerance"; Value = "10%"; VariantName = "[No Variations]"
Add component (AddParameter): Name = "Voltage Rating"; Value = "25V"; VariantName = "[No Variations]"
Add component (AddParameter): Name = "Width"; Value = "0.031inch"; VariantName = "[No Variations]"
Added Component: Designator=C10(FP-CL10-IPC_C)
Add component (AddParameter): Name = "Capacitance"; Value = "100nF"; VariantName = "[No Variations]"
Add component (AddParameter): Name = "Case Code (Imperial)"; Value = "0603"; VariantName = "[No Variations]"
Add component (AddParameter): Name = "Case Code (Metric)"; Value = "1608"; VariantName = "[No Variations]"
Add component (AddParameter): Name = "Case/Package"; Value = "0603"; VariantName = "[No Variations]"
Add component (AddParameter): Name = "Depth"; Value = "0.8mm"; VariantName = "[No Variations]"
Add component (AddParameter): Name = "Dielectric"; Value = "X7R"; VariantName = "[No Variations]"
Add component (AddParameter): Name = "Height"; Value = "0.8mm"; VariantName = "[No Variations]"
Add component (AddParameter): Name = "Length"; Value = "1.6mm"; VariantName = "[No Variations]"
Add component (AddParameter): Name = "Max Operating Temperature"; Value = "125°C"; VariantName = "[No Variations]"
Add component (AddParameter): Name = "Min Operating Temperature"; Value = "-55°C"; VariantName = "[No Variations]"
Add component (AddParameter): Name = "Mount"; Value = "Surface Mount"; VariantName = "[No Variations]"
Add component (AddParameter): Name = "Packaging"; Value = "Tape and Reel"; VariantName = "[No Variations]"
Add component (AddParameter): Name = "Radiation Hardening"; Value = "No"; VariantName = "[No Variations]"
Add component (AddParameter): Name = "Thickness"; Value = "0.035inch"; VariantName = "[No Variations]"
Add component (AddParameter): Name = "Tolerance"; Value = "10%"; VariantName = "[No Variations]"
Add component (AddParameter): Name = "Voltage Rating"; Value = "25V"; VariantName = "[No Variations]"
Add component (AddParameter): Name = "Width"; Value = "0.031inch"; VariantName = "[No Variations]"
Added Component: Designator=C11(FP-TAJA-MFG)
Add component (AddParameter): Name = "Capacitance"; Value = "4.7µF"; VariantName = "[No Variations]"
Add component (AddParameter): Name = "Case Code (Imperial)"; Value = "1206"; VariantName = "[No Variations]"
Add component (AddParameter): Name = "Case Code (Metric)"; Value = "3216"; VariantName = "[No Variations]"
Add component (AddParameter): Name = "Case/Package"; Value = "1206"; VariantName = "[No Variations]"
Add component (AddParameter): Name = "Depth"; Value = "1.6mm"; VariantName = "[No Variations]"
Add component (AddParameter): Name = "Dielectric Material"; Value = "Tantalum"; VariantName = "[No Variations]"
Add component (AddParameter): Name = "Dissipation Factor"; Value = "6%"; VariantName = "[No Variations]"
Add component (AddParameter): Name = "ESR (Equivalent Series Resistance)"; Value = "4O"; VariantName = "[No Variations]"
Add component (AddParameter): Name = "Features"; Value = "General Purpose"; VariantName = "[No Variations]"
Add component (AddParameter): Name = "Height"; Value = "1.6mm"; VariantName = "[No Variations]"
Add component (AddParameter): Name = "Height - Seated (Max)"; Value = "1.8034mm"; VariantName = "[No Variations]"
Add component (AddParameter): Name = "Lead Free"; Value = "Lead Free"; VariantName = "[No Variations]"
Add component (AddParameter): Name = "Lead Pitch"; Value = "1.1mm"; VariantName = "[No Variations]"
Add component (AddParameter): Name = "Leakage Current"; Value = "900nA"; VariantName = "[No Variations]"
Add component (AddParameter): Name = "Length"; Value = "3.2mm"; VariantName = "[No Variations]"
Add component (AddParameter): Name = "Life (Hours)"; Value = "2000hours"; VariantName = "[No Variations]"
Add component (AddParameter): Name = "Lifecycle Status"; Value = "Production"; VariantName = "[No Variations]"
Add component (AddParameter): Name = "Max Operating Temperature"; Value = "125°C"; VariantName = "[No Variations]"
Add component (AddParameter): Name = "Min Operating Temperature"; Value = "-55°C"; VariantName = "[No Variations]"
Add component (AddParameter): Name = "Mount"; Value = "PCB, Surface Mount"; VariantName = "[No Variations]"
Add component (AddParameter): Name = "NexarPartId"; Value = "39985789"; VariantName = "[No Variations]"
Add component (AddParameter): Name = "Number of Pins"; Value = "2"; VariantName = "[No Variations]"
Add component (AddParameter): Name = "Packaging"; Value = "Cut Tape (CT)"; VariantName = "[No Variations]"
Add component (AddParameter): Name = "Polarity"; Value = "Polar"; VariantName = "[No Variations]"
Add component (AddParameter): Name = "Q Factor"; Value = "6"; VariantName = "[No Variations]"
Add component (AddParameter): Name = "Radiation Hardening"; Value = "No"; VariantName = "[No Variations]"
Add component (AddParameter): Name = "REACH SVHC"; Value = "No SVHC"; VariantName = "[No Variations]"
Add component (AddParameter): Name = "Ripple Current"; Value = "137mA"; VariantName = "[No Variations]"
Add component (AddParameter): Name = "RoHS"; Value = "Compliant"; VariantName = "[No Variations]"
Add component (AddParameter): Name = "Schedule B"; Value = "8532210050"; VariantName = "[No Variations]"
Add component (AddParameter): Name = "Termination"; Value = "SMD/SMT"; VariantName = "[No Variations]"
Add component (AddParameter): Name = "Tolerance"; Value = "10%"; VariantName = "[No Variations]"
Add component (AddParameter): Name = "Voltage"; Value = "20V"; VariantName = "[No Variations]"
Add component (AddParameter): Name = "Voltage Rating"; Value = "20V"; VariantName = "[No Variations]"
Add component (AddParameter): Name = "Voltage Rating (DC)"; Value = "20V"; VariantName = "[No Variations]"
Add component (AddParameter): Name = "Width"; Value = "1.6mm"; VariantName = "[No Variations]"
Added Component: Designator=C12(FP-C1206C-EB-MFG)
Add component (AddParameter): Name = "Automotive"; Value = "Yes"; VariantName = "[No Variations]"
Add component (AddParameter): Name = "Automotive Grade"; Value = "Grade 0"; VariantName = "[No Variations]"
Add component (AddParameter): Name = "Capacitance"; Value = "10 pF"; VariantName = "[No Variations]"
Add component (AddParameter): Name = "Category"; Value = "Cap"; VariantName = "[No Variations]"
Add component (AddParameter): Name = "ComponentLink2Description"; Value = "Datasheet"; VariantName = "[No Variations]"
Add component (AddParameter): Name = "ComponentLink2URL"; Value = "https://content.kemet.com/datasheets/KEM_C1007_X8R_ULTRA_150C_SMD.pdf"; VariantName = "[No Variations]"
Add component (AddParameter): Name = "Device Class L1"; Value = "Passive Components"; VariantName = "[No Variations]"
Add component (AddParameter): Name = "Device Class L2"; Value = "Capacitors"; VariantName = "[No Variations]"
Add component (AddParameter): Name = "Device Class L3"; Value = "Ceramic Capacitors"; VariantName = "[No Variations]"
Add component (AddParameter): Name = "Height"; Value = "0.88mm"; VariantName = "[No Variations]"
Add component (AddParameter): Name = "Ipc Land Pattern Name"; Value = "CAPC320160X78"; VariantName = "[No Variations]"
Add component (AddParameter): Name = "Lead Free"; Value = "Yes"; VariantName = "[No Variations]"
Add component (AddParameter): Name = "Manufacturer"; Value = "KEMET"; VariantName = "[No Variations]"
Add component (AddParameter): Name = "Manufacturer Part Number"; Value = "C1206C100J5GAC"; VariantName = "[No Variations]"
Add component (AddParameter): Name = "Material"; Value = "Ceramic"; VariantName = "[No Variations]"
Add component (AddParameter): Name = "Mouser Description"; Value = "Multilayer Ceramic Capacitors MLCC - SMD/SMT 50volts 10pF 5% C0G"; VariantName = "[No Variations]"
Add component (AddParameter): Name = "Octopart"; Value = "https://octopart.com/c1206c100j5gac-kemet-1357555"; VariantName = "[No Variations]"
Add component (AddParameter): Name = "Package"; Value = "C1206C-EB"; VariantName = "[No Variations]"
Add component (AddParameter): Name = "RoHS"; Value = "TRUE"; VariantName = "[No Variations]"
Add component (AddParameter): Name = "Temperature"; Value = "-55°C to +150°C"; VariantName = "[No Variations]"
Add component (AddParameter): Name = "Temperature Characteristic"; Value = "C0G"; VariantName = "[No Variations]"
Add component (AddParameter): Name = "Temperature Coefficient"; Value = "15%"; VariantName = "[No Variations]"
Add component (AddParameter): Name = "Temperature Range High"; Value = "+150°C"; VariantName = "[No Variations]"
Add component (AddParameter): Name = "Temperature Range Low"; Value = "-55°C"; VariantName = "[No Variations]"
Add component (AddParameter): Name = "Tolerance"; Value = "0.05"; VariantName = "[No Variations]"
Add component (AddParameter): Name = "Value"; Value = "10 pF"; VariantName = "[No Variations]"
Add component (AddParameter): Name = "Voltage Rating"; Value = "50 V"; VariantName = "[No Variations]"
Added Component: Designator=C13(FP-C1206C-EB-MFG)
Add component (AddParameter): Name = "Automotive"; Value = "Yes"; VariantName = "[No Variations]"
Add component (AddParameter): Name = "Automotive Grade"; Value = "Grade 0"; VariantName = "[No Variations]"
Add component (AddParameter): Name = "Capacitance"; Value = "10 pF"; VariantName = "[No Variations]"
Add component (AddParameter): Name = "Category"; Value = "Cap"; VariantName = "[No Variations]"
Add component (AddParameter): Name = "ComponentLink2Description"; Value = "Datasheet"; VariantName = "[No Variations]"
Add component (AddParameter): Name = "ComponentLink2URL"; Value = "https://content.kemet.com/datasheets/KEM_C1007_X8R_ULTRA_150C_SMD.pdf"; VariantName = "[No Variations]"
Add component (AddParameter): Name = "Device Class L1"; Value = "Passive Components"; VariantName = "[No Variations]"
Add component (AddParameter): Name = "Device Class L2"; Value = "Capacitors"; VariantName = "[No Variations]"
Add component (AddParameter): Name = "Device Class L3"; Value = "Ceramic Capacitors"; VariantName = "[No Variations]"
Add component (AddParameter): Name = "Height"; Value = "0.88mm"; VariantName = "[No Variations]"
Add component (AddParameter): Name = "Ipc Land Pattern Name"; Value = "CAPC320160X78"; VariantName = "[No Variations]"
Add component (AddParameter): Name = "Lead Free"; Value = "Yes"; VariantName = "[No Variations]"
Add component (AddParameter): Name = "Manufacturer"; Value = "KEMET"; VariantName = "[No Variations]"
Add component (AddParameter): Name = "Manufacturer Part Number"; Value = "C1206C100J5GAC"; VariantName = "[No Variations]"
Add component (AddParameter): Name = "Material"; Value = "Ceramic"; VariantName = "[No Variations]"
Add component (AddParameter): Name = "Mouser Description"; Value = "Multilayer Ceramic Capacitors MLCC - SMD/SMT 50volts 10pF 5% C0G"; VariantName = "[No Variations]"
Add component (AddParameter): Name = "Octopart"; Value = "https://octopart.com/c1206c100j5gac-kemet-1357555"; VariantName = "[No Variations]"
Add component (AddParameter): Name = "Package"; Value = "C1206C-EB"; VariantName = "[No Variations]"
Add component (AddParameter): Name = "RoHS"; Value = "TRUE"; VariantName = "[No Variations]"
Add component (AddParameter): Name = "Temperature"; Value = "-55°C to +150°C"; VariantName = "[No Variations]"
Add component (AddParameter): Name = "Temperature Characteristic"; Value = "C0G"; VariantName = "[No Variations]"
Add component (AddParameter): Name = "Temperature Coefficient"; Value = "15%"; VariantName = "[No Variations]"
Add component (AddParameter): Name = "Temperature Range High"; Value = "+150°C"; VariantName = "[No Variations]"
Add component (AddParameter): Name = "Temperature Range Low"; Value = "-55°C"; VariantName = "[No Variations]"
Add component (AddParameter): Name = "Tolerance"; Value = "0.05"; VariantName = "[No Variations]"
Add component (AddParameter): Name = "Value"; Value = "10 pF"; VariantName = "[No Variations]"
Add component (AddParameter): Name = "Voltage Rating"; Value = "50 V"; VariantName = "[No Variations]"
Added Component: Designator=C14(FP-C1206C-EB-MFG)
Add component (AddParameter): Name = "Automotive"; Value = "Yes"; VariantName = "[No Variations]"
Add component (AddParameter): Name = "Automotive Grade"; Value = "Grade 0"; VariantName = "[No Variations]"
Add component (AddParameter): Name = "Capacitance"; Value = "10 pF"; VariantName = "[No Variations]"
Add component (AddParameter): Name = "Category"; Value = "Cap"; VariantName = "[No Variations]"
Add component (AddParameter): Name = "ComponentLink2Description"; Value = "Datasheet"; VariantName = "[No Variations]"
Add component (AddParameter): Name = "ComponentLink2URL"; Value = "https://content.kemet.com/datasheets/KEM_C1007_X8R_ULTRA_150C_SMD.pdf"; VariantName = "[No Variations]"
Add component (AddParameter): Name = "Device Class L1"; Value = "Passive Components"; VariantName = "[No Variations]"
Add component (AddParameter): Name = "Device Class L2"; Value = "Capacitors"; VariantName = "[No Variations]"
Add component (AddParameter): Name = "Device Class L3"; Value = "Ceramic Capacitors"; VariantName = "[No Variations]"
Add component (AddParameter): Name = "Height"; Value = "0.88mm"; VariantName = "[No Variations]"
Add component (AddParameter): Name = "Ipc Land Pattern Name"; Value = "CAPC320160X78"; VariantName = "[No Variations]"
Add component (AddParameter): Name = "Lead Free"; Value = "Yes"; VariantName = "[No Variations]"
Add component (AddParameter): Name = "Manufacturer"; Value = "KEMET"; VariantName = "[No Variations]"
Add component (AddParameter): Name = "Manufacturer Part Number"; Value = "C1206C100J5GAC"; VariantName = "[No Variations]"
Add component (AddParameter): Name = "Material"; Value = "Ceramic"; VariantName = "[No Variations]"
Add component (AddParameter): Name = "Mouser Description"; Value = "Multilayer Ceramic Capacitors MLCC - SMD/SMT 50volts 10pF 5% C0G"; VariantName = "[No Variations]"
Add component (AddParameter): Name = "Octopart"; Value = "https://octopart.com/c1206c100j5gac-kemet-1357555"; VariantName = "[No Variations]"
Add component (AddParameter): Name = "Package"; Value = "C1206C-EB"; VariantName = "[No Variations]"
Add component (AddParameter): Name = "RoHS"; Value = "TRUE"; VariantName = "[No Variations]"
Add component (AddParameter): Name = "Temperature"; Value = "-55°C to +150°C"; VariantName = "[No Variations]"
Add component (AddParameter): Name = "Temperature Characteristic"; Value = "C0G"; VariantName = "[No Variations]"
Add component (AddParameter): Name = "Temperature Coefficient"; Value = "15%"; VariantName = "[No Variations]"
Add component (AddParameter): Name = "Temperature Range High"; Value = "+150°C"; VariantName = "[No Variations]"
Add component (AddParameter): Name = "Temperature Range Low"; Value = "-55°C"; VariantName = "[No Variations]"
Add component (AddParameter): Name = "Tolerance"; Value = "0.05"; VariantName = "[No Variations]"
Add component (AddParameter): Name = "Value"; Value = "10 pF"; VariantName = "[No Variations]"
Add component (AddParameter): Name = "Voltage Rating"; Value = "50 V"; VariantName = "[No Variations]"
Added Component: Designator=C15(FP-C1206C-EB-MFG)
Add component (AddParameter): Name = "Automotive"; Value = "Yes"; VariantName = "[No Variations]"
Add component (AddParameter): Name = "Automotive Grade"; Value = "Grade 0"; VariantName = "[No Variations]"
Add component (AddParameter): Name = "Capacitance"; Value = "10 pF"; VariantName = "[No Variations]"
Add component (AddParameter): Name = "Category"; Value = "Cap"; VariantName = "[No Variations]"
Add component (AddParameter): Name = "ComponentLink2Description"; Value = "Datasheet"; VariantName = "[No Variations]"
Add component (AddParameter): Name = "ComponentLink2URL"; Value = "https://content.kemet.com/datasheets/KEM_C1007_X8R_ULTRA_150C_SMD.pdf"; VariantName = "[No Variations]"
Add component (AddParameter): Name = "Device Class L1"; Value = "Passive Components"; VariantName = "[No Variations]"
Add component (AddParameter): Name = "Device Class L2"; Value = "Capacitors"; VariantName = "[No Variations]"
Add component (AddParameter): Name = "Device Class L3"; Value = "Ceramic Capacitors"; VariantName = "[No Variations]"
Add component (AddParameter): Name = "Height"; Value = "0.88mm"; VariantName = "[No Variations]"
Add component (AddParameter): Name = "Ipc Land Pattern Name"; Value = "CAPC320160X78"; VariantName = "[No Variations]"
Add component (AddParameter): Name = "Lead Free"; Value = "Yes"; VariantName = "[No Variations]"
Add component (AddParameter): Name = "Manufacturer"; Value = "KEMET"; VariantName = "[No Variations]"
Add component (AddParameter): Name = "Manufacturer Part Number"; Value = "C1206C100J5GAC"; VariantName = "[No Variations]"
Add component (AddParameter): Name = "Material"; Value = "Ceramic"; VariantName = "[No Variations]"
Add component (AddParameter): Name = "Mouser Description"; Value = "Multilayer Ceramic Capacitors MLCC - SMD/SMT 50volts 10pF 5% C0G"; VariantName = "[No Variations]"
Add component (AddParameter): Name = "Octopart"; Value = "https://octopart.com/c1206c100j5gac-kemet-1357555"; VariantName = "[No Variations]"
Add component (AddParameter): Name = "Package"; Value = "C1206C-EB"; VariantName = "[No Variations]"
Add component (AddParameter): Name = "RoHS"; Value = "TRUE"; VariantName = "[No Variations]"
Add component (AddParameter): Name = "Temperature"; Value = "-55°C to +150°C"; VariantName = "[No Variations]"
Add component (AddParameter): Name = "Temperature Characteristic"; Value = "C0G"; VariantName = "[No Variations]"
Add component (AddParameter): Name = "Temperature Coefficient"; Value = "15%"; VariantName = "[No Variations]"
Add component (AddParameter): Name = "Temperature Range High"; Value = "+150°C"; VariantName = "[No Variations]"
Add component (AddParameter): Name = "Temperature Range Low"; Value = "-55°C"; VariantName = "[No Variations]"
Add component (AddParameter): Name = "Tolerance"; Value = "0.05"; VariantName = "[No Variations]"
Add component (AddParameter): Name = "Value"; Value = "10 pF"; VariantName = "[No Variations]"
Add component (AddParameter): Name = "Voltage Rating"; Value = "50 V"; VariantName = "[No Variations]"
Added Component: Designator=C16(FP-C1206C-EB-MFG)
Add component (AddParameter): Name = "Automotive"; Value = "Yes"; VariantName = "[No Variations]"
Add component (AddParameter): Name = "Automotive Grade"; Value = "Grade 0"; VariantName = "[No Variations]"
Add component (AddParameter): Name = "Capacitance"; Value = "10 pF"; VariantName = "[No Variations]"
Add component (AddParameter): Name = "Category"; Value = "Cap"; VariantName = "[No Variations]"
Add component (AddParameter): Name = "ComponentLink2Description"; Value = "Datasheet"; VariantName = "[No Variations]"
Add component (AddParameter): Name = "ComponentLink2URL"; Value = "https://content.kemet.com/datasheets/KEM_C1007_X8R_ULTRA_150C_SMD.pdf"; VariantName = "[No Variations]"
Add component (AddParameter): Name = "Device Class L1"; Value = "Passive Components"; VariantName = "[No Variations]"
Add component (AddParameter): Name = "Device Class L2"; Value = "Capacitors"; VariantName = "[No Variations]"
Add component (AddParameter): Name = "Device Class L3"; Value = "Ceramic Capacitors"; VariantName = "[No Variations]"
Add component (AddParameter): Name = "Height"; Value = "0.88mm"; VariantName = "[No Variations]"
Add component (AddParameter): Name = "Ipc Land Pattern Name"; Value = "CAPC320160X78"; VariantName = "[No Variations]"
Add component (AddParameter): Name = "Lead Free"; Value = "Yes"; VariantName = "[No Variations]"
Add component (AddParameter): Name = "Manufacturer"; Value = "KEMET"; VariantName = "[No Variations]"
Add component (AddParameter): Name = "Manufacturer Part Number"; Value = "C1206C100J5GAC"; VariantName = "[No Variations]"
Add component (AddParameter): Name = "Material"; Value = "Ceramic"; VariantName = "[No Variations]"
Add component (AddParameter): Name = "Mouser Description"; Value = "Multilayer Ceramic Capacitors MLCC - SMD/SMT 50volts 10pF 5% C0G"; VariantName = "[No Variations]"
Add component (AddParameter): Name = "Octopart"; Value = "https://octopart.com/c1206c100j5gac-kemet-1357555"; VariantName = "[No Variations]"
Add component (AddParameter): Name = "Package"; Value = "C1206C-EB"; VariantName = "[No Variations]"
Add component (AddParameter): Name = "RoHS"; Value = "TRUE"; VariantName = "[No Variations]"
Add component (AddParameter): Name = "Temperature"; Value = "-55°C to +150°C"; VariantName = "[No Variations]"
Add component (AddParameter): Name = "Temperature Characteristic"; Value = "C0G"; VariantName = "[No Variations]"
Add component (AddParameter): Name = "Temperature Coefficient"; Value = "15%"; VariantName = "[No Variations]"
Add component (AddParameter): Name = "Temperature Range High"; Value = "+150°C"; VariantName = "[No Variations]"
Add component (AddParameter): Name = "Temperature Range Low"; Value = "-55°C"; VariantName = "[No Variations]"
Add component (AddParameter): Name = "Tolerance"; Value = "0.05"; VariantName = "[No Variations]"
Add component (AddParameter): Name = "Value"; Value = "10 pF"; VariantName = "[No Variations]"
Add component (AddParameter): Name = "Voltage Rating"; Value = "50 V"; VariantName = "[No Variations]"
Added Component: Designator=C17(FP-GRT31C-0_2-IPC_A)
Add component (AddParameter): Name = "Capacitance"; Value = "10uF"; VariantName = "[No Variations]"
Add component (AddParameter): Name = "Case Code (Imperial)"; Value = "1206"; VariantName = "[No Variations]"
Add component (AddParameter): Name = "Case Code (Metric)"; Value = "3216"; VariantName = "[No Variations]"
Add component (AddParameter): Name = "Case/Package"; Value = "1206"; VariantName = "[No Variations]"
Add component (AddParameter): Name = "Dielectric"; Value = "X5R"; VariantName = "[No Variations]"
Add component (AddParameter): Name = "Length"; Value = "0.126inch"; VariantName = "[No Variations]"
Add component (AddParameter): Name = "Max Operating Temperature"; Value = "85°C"; VariantName = "[No Variations]"
Add component (AddParameter): Name = "Min Operating Temperature"; Value = "-55°C"; VariantName = "[No Variations]"
Add component (AddParameter): Name = "Mount"; Value = "Surface Mount"; VariantName = "[No Variations]"
Add component (AddParameter): Name = "Packaging"; Value = "Cut Tape"; VariantName = "[No Variations]"
Add component (AddParameter): Name = "Ratings"; Value = "AEC-Q200"; VariantName = "[No Variations]"
Add component (AddParameter): Name = "Thickness"; Value = "0.071inch"; VariantName = "[No Variations]"
Add component (AddParameter): Name = "Tolerance"; Value = "10%"; VariantName = "[No Variations]"
Add component (AddParameter): Name = "Voltage Rating"; Value = "50V"; VariantName = "[No Variations]"
Add component (AddParameter): Name = "Voltage Rating (DC)"; Value = "50V"; VariantName = "[No Variations]"
Add component (AddParameter): Name = "Width"; Value = "0.063inch"; VariantName = "[No Variations]"
Added Component: Designator=C18(FP-GRT31C-0_2-IPC_A)
Add component (AddParameter): Name = "Capacitance"; Value = "10uF"; VariantName = "[No Variations]"
Add component (AddParameter): Name = "Case Code (Imperial)"; Value = "1206"; VariantName = "[No Variations]"
Add component (AddParameter): Name = "Case Code (Metric)"; Value = "3216"; VariantName = "[No Variations]"
Add component (AddParameter): Name = "Case/Package"; Value = "1206"; VariantName = "[No Variations]"
Add component (AddParameter): Name = "Dielectric"; Value = "X5R"; VariantName = "[No Variations]"
Add component (AddParameter): Name = "Length"; Value = "0.126inch"; VariantName = "[No Variations]"
Add component (AddParameter): Name = "Max Operating Temperature"; Value = "85°C"; VariantName = "[No Variations]"
Add component (AddParameter): Name = "Min Operating Temperature"; Value = "-55°C"; VariantName = "[No Variations]"
Add component (AddParameter): Name = "Mount"; Value = "Surface Mount"; VariantName = "[No Variations]"
Add component (AddParameter): Name = "Packaging"; Value = "Cut Tape"; VariantName = "[No Variations]"
Add component (AddParameter): Name = "Ratings"; Value = "AEC-Q200"; VariantName = "[No Variations]"
Add component (AddParameter): Name = "Thickness"; Value = "0.071inch"; VariantName = "[No Variations]"
Add component (AddParameter): Name = "Tolerance"; Value = "10%"; VariantName = "[No Variations]"
Add component (AddParameter): Name = "Voltage Rating"; Value = "50V"; VariantName = "[No Variations]"
Add component (AddParameter): Name = "Voltage Rating (DC)"; Value = "50V"; VariantName = "[No Variations]"
Add component (AddParameter): Name = "Width"; Value = "0.063inch"; VariantName = "[No Variations]"
Added Component: Designator=C19(FP-T491C-MFG)
Add component (AddParameter): Name = "Automotive"; Value = "No"; VariantName = "[No Variations]"
Add component (AddParameter): Name = "Capacitance"; Value = "10uF"; VariantName = "[No Variations]"
Add component (AddParameter): Name = "Category"; Value = "Cap"; VariantName = "[No Variations]"
Add component (AddParameter): Name = "ComponentLink2Description"; Value = "Datasheet"; VariantName = "[No Variations]"
Add component (AddParameter): Name = "ComponentLink2URL"; Value = "https://content.kemet.com/datasheets/KEM_T2005_T491.pdf"; VariantName = "[No Variations]"
Add component (AddParameter): Name = "Device Class L1"; Value = "Passive Components"; VariantName = "[No Variations]"
Add component (AddParameter): Name = "Device Class L2"; Value = "Capacitors"; VariantName = "[No Variations]"
Add component (AddParameter): Name = "Device Class L3"; Value = "Tantalum Capacitors"; VariantName = "[No Variations]"
Add component (AddParameter): Name = "Digikey Description"; Value = "CAP TANT 10UF 10% 25V 2312"; VariantName = "[No Variations]"
Add component (AddParameter): Name = "Dissipation Factor"; Value = "6%"; VariantName = "[No Variations]"
Add component (AddParameter): Name = "Esr"; Value = "1.5O"; VariantName = "[No Variations]"
Add component (AddParameter): Name = "Height"; Value = "2.8mm"; VariantName = "[No Variations]"
Add component (AddParameter): Name = "Lead Free"; Value = "Yes"; VariantName = "[No Variations]"
Add component (AddParameter): Name = "Leakage Current"; Value = "2.5uA"; VariantName = "[No Variations]"
Add component (AddParameter): Name = "Life"; Value = "2000Hours"; VariantName = "[No Variations]"
Add component (AddParameter): Name = "Manufacturer"; Value = "Kemet"; VariantName = "[No Variations]"
Add component (AddParameter): Name = "Manufacturer Part Number"; Value = "T491C106K025AT"; VariantName = "[No Variations]"
Add component (AddParameter): Name = "Material"; Value = "Tantalum"; VariantName = "[No Variations]"
Add component (AddParameter): Name = "Mouser Description"; Value = "Tantalum Capacitors - Solid SMD 25V 10uF 10% C"; VariantName = "[No Variations]"
Add component (AddParameter): Name = "Octopart"; Value = "https://octopart.com/t491c106k025at-kemet-126002"; VariantName = "[No Variations]"
Add component (AddParameter): Name = "Package"; Value = "T491C"; VariantName = "[No Variations]"
Add component (AddParameter): Name = "Ripple Current"; Value = "271mA"; VariantName = "[No Variations]"
Add component (AddParameter): Name = "RoHS"; Value = "TRUE"; VariantName = "[No Variations]"
Add component (AddParameter): Name = "Standoff Height"; Value = "0mm"; VariantName = "[No Variations]"
Add component (AddParameter): Name = "Temperature"; Value = "-55°C to +125°C"; VariantName = "[No Variations]"
Add component (AddParameter): Name = "Temperature Range High"; Value = "+125°C"; VariantName = "[No Variations]"
Add component (AddParameter): Name = "Temperature Range Low"; Value = "-55°C"; VariantName = "[No Variations]"
Add component (AddParameter): Name = "Tolerance"; Value = "10%"; VariantName = "[No Variations]"
Add component (AddParameter): Name = "Value"; Value = "10uF"; VariantName = "[No Variations]"
Add component (AddParameter): Name = "Voltage Rating"; Value = "25V"; VariantName = "[No Variations]"
Added Component: Designator=C20(CAPC2013X88X50LL20T25)
Add component (AddParameter): Name = "Manufacturer"; Value = "Kemet"; VariantName = "[No Variations]"
Add component (AddParameter): Name = "Part Number"; Value = "C0805C103K5RACTU"; VariantName = "[No Variations]"
Added Component: Designator=C21(CAPC3216X180X50LL20T25)
Add component (AddParameter): Name = "Brand"; Value = "Kemet"; VariantName = "[No Variations]"
Add component (AddParameter): Name = "Capacitance"; Value = "2.2uF"; VariantName = "[No Variations]"
Add component (AddParameter): Name = "Capacitance - nF"; Value = "2200nF"; VariantName = "[No Variations]"
Add component (AddParameter): Name = "Case Code - in"; Value = "1206"; VariantName = "[No Variations]"
Add component (AddParameter): Name = "Case Code - mm"; Value = "3216"; VariantName = "[No Variations]"
Add component (AddParameter): Name = "Case Height"; Value = "1.6mm"; VariantName = "[No Variations]"
Add component (AddParameter): Name = "Case Length"; Value = "3.2mm"; VariantName = "[No Variations]"
Add component (AddParameter): Name = "Case Width"; Value = "1.6mm"; VariantName = "[No Variations]"
Add component (AddParameter): Name = "Class"; Value = "Class1"; VariantName = "[No Variations]"
Add component (AddParameter): Name = "Datasheet URL"; Value = "http://www.kemet.com/docfinder?Partnumber=C1206C225K5RACTU"; VariantName = "[No Variations]"
Add component (AddParameter): Name = "Datasheet Version"; Value = "02/2016"; VariantName = "[No Variations]"
Add component (AddParameter): Name = "Dielectric"; Value = "X7R"; VariantName = "[No Variations]"
Add component (AddParameter): Name = "Dimensions"; Value = "1.6mmWx3.2mmLx1.6mmH"; VariantName = "[No Variations]"
Add component (AddParameter): Name = "Factory Pack Quantity"; Value = "2000"; VariantName = "[No Variations]"
Add component (AddParameter): Name = "Manufacturer"; Value = "Kemet"; VariantName = "[No Variations]"
Add component (AddParameter): Name = "Manufacturer URL"; Value = "http://www.kemet.com/"; VariantName = "[No Variations]"
Add component (AddParameter): Name = "Maximum Operating Temperature"; Value = "+125C"; VariantName = "[No Variations]"
Add component (AddParameter): Name = "Minimum Operating Temperature"; Value = "-55C"; VariantName = "[No Variations]"
Add component (AddParameter): Name = "Mounting Technology"; Value = "SurfaceMount"; VariantName = "[No Variations]"
Add component (AddParameter): Name = "Operating Temperature Range"; Value = "-55Cto+125C"; VariantName = "[No Variations]"
Add component (AddParameter): Name = "Package / Case"; Value = "1206(3216metric)"; VariantName = "[No Variations]"
Add component (AddParameter): Name = "Package Description"; Value = "2-Pin Surface Mount Device, Body 3.2 x 1.6 mm"; VariantName = "[No Variations]"
Add component (AddParameter): Name = "Package Reference"; Value = "1206"; VariantName = "[No Variations]"
Add component (AddParameter): Name = "Packaging"; Value = "Reel"; VariantName = "[No Variations]"
Add component (AddParameter): Name = "Product"; Value = "GeneralTypeMLCCs"; VariantName = "[No Variations]"
Add component (AddParameter): Name = "Product Category"; Value = "MultilayerCeramicCapacitorsMLCC-SMD/SMT"; VariantName = "[No Variations]"
Add component (AddParameter): Name = "RoHS"; Value = "Details"; VariantName = "[No Variations]"
Add component (AddParameter): Name = "Series"; Value = "C1206C"; VariantName = "[No Variations]"
Add component (AddParameter): Name = "Temperature Coefficient / Code"; Value = "+/-15%"; VariantName = "[No Variations]"
Add component (AddParameter): Name = "Termination Style"; Value = "SMD/SMT"; VariantName = "[No Variations]"
Add component (AddParameter): Name = "Tolerance"; Value = "10%"; VariantName = "[No Variations]"
Add component (AddParameter): Name = "Type"; Value = "SMDMLCCX7R6.3-250VDCCommericalGrade"; VariantName = "[No Variations]"
Add component (AddParameter): Name = "Voltage Rating"; Value = "50V"; VariantName = "[No Variations]"
Add component (AddParameter): Name = "Voltage Rating DC"; Value = "50V"; VariantName = "[No Variations]"
Added Component: Designator=C22(FP-CL10-IPC_C)
Add component (AddParameter): Name = "Capacitance"; Value = "100nF"; VariantName = "[No Variations]"
Add component (AddParameter): Name = "Case Code (Imperial)"; Value = "0603"; VariantName = "[No Variations]"
Add component (AddParameter): Name = "Case Code (Metric)"; Value = "1608"; VariantName = "[No Variations]"
Add component (AddParameter): Name = "Case/Package"; Value = "0603"; VariantName = "[No Variations]"
Add component (AddParameter): Name = "Depth"; Value = "0.8mm"; VariantName = "[No Variations]"
Add component (AddParameter): Name = "Dielectric"; Value = "X7R"; VariantName = "[No Variations]"
Add component (AddParameter): Name = "Height"; Value = "0.8mm"; VariantName = "[No Variations]"
Add component (AddParameter): Name = "Length"; Value = "1.6mm"; VariantName = "[No Variations]"
Add component (AddParameter): Name = "Max Operating Temperature"; Value = "125°C"; VariantName = "[No Variations]"
Add component (AddParameter): Name = "Min Operating Temperature"; Value = "-55°C"; VariantName = "[No Variations]"
Add component (AddParameter): Name = "Mount"; Value = "Surface Mount"; VariantName = "[No Variations]"
Add component (AddParameter): Name = "Packaging"; Value = "Tape and Reel"; VariantName = "[No Variations]"
Add component (AddParameter): Name = "Radiation Hardening"; Value = "No"; VariantName = "[No Variations]"
Add component (AddParameter): Name = "Thickness"; Value = "0.035inch"; VariantName = "[No Variations]"
Add component (AddParameter): Name = "Tolerance"; Value = "10%"; VariantName = "[No Variations]"
Add component (AddParameter): Name = "Voltage Rating"; Value = "25V"; VariantName = "[No Variations]"
Add component (AddParameter): Name = "Width"; Value = "0.031inch"; VariantName = "[No Variations]"
Added Component: Designator=C23(FP-GRT31C-0_2-IPC_A)
Add component (AddParameter): Name = "Capacitance"; Value = "10uF"; VariantName = "[No Variations]"
Add component (AddParameter): Name = "Case Code (Imperial)"; Value = "1206"; VariantName = "[No Variations]"
Add component (AddParameter): Name = "Case Code (Metric)"; Value = "3216"; VariantName = "[No Variations]"
Add component (AddParameter): Name = "Case/Package"; Value = "1206"; VariantName = "[No Variations]"
Add component (AddParameter): Name = "Dielectric"; Value = "X5R"; VariantName = "[No Variations]"
Add component (AddParameter): Name = "Length"; Value = "0.126inch"; VariantName = "[No Variations]"
Add component (AddParameter): Name = "Max Operating Temperature"; Value = "85°C"; VariantName = "[No Variations]"
Add component (AddParameter): Name = "Min Operating Temperature"; Value = "-55°C"; VariantName = "[No Variations]"
Add component (AddParameter): Name = "Mount"; Value = "Surface Mount"; VariantName = "[No Variations]"
Add component (AddParameter): Name = "Packaging"; Value = "Cut Tape"; VariantName = "[No Variations]"
Add component (AddParameter): Name = "Ratings"; Value = "AEC-Q200"; VariantName = "[No Variations]"
Add component (AddParameter): Name = "Thickness"; Value = "0.071inch"; VariantName = "[No Variations]"
Add component (AddParameter): Name = "Tolerance"; Value = "10%"; VariantName = "[No Variations]"
Add component (AddParameter): Name = "Voltage Rating"; Value = "50V"; VariantName = "[No Variations]"
Add component (AddParameter): Name = "Voltage Rating (DC)"; Value = "50V"; VariantName = "[No Variations]"
Add component (AddParameter): Name = "Width"; Value = "0.063inch"; VariantName = "[No Variations]"
Added Component: Designator=C24(FP-GRT31C-0_2-IPC_A)
Add component (AddParameter): Name = "Capacitance"; Value = "10uF"; VariantName = "[No Variations]"
Add component (AddParameter): Name = "Case Code (Imperial)"; Value = "1206"; VariantName = "[No Variations]"
Add component (AddParameter): Name = "Case Code (Metric)"; Value = "3216"; VariantName = "[No Variations]"
Add component (AddParameter): Name = "Case/Package"; Value = "1206"; VariantName = "[No Variations]"
Add component (AddParameter): Name = "Dielectric"; Value = "X5R"; VariantName = "[No Variations]"
Add component (AddParameter): Name = "Length"; Value = "0.126inch"; VariantName = "[No Variations]"
Add component (AddParameter): Name = "Max Operating Temperature"; Value = "85°C"; VariantName = "[No Variations]"
Add component (AddParameter): Name = "Min Operating Temperature"; Value = "-55°C"; VariantName = "[No Variations]"
Add component (AddParameter): Name = "Mount"; Value = "Surface Mount"; VariantName = "[No Variations]"
Add component (AddParameter): Name = "Packaging"; Value = "Cut Tape"; VariantName = "[No Variations]"
Add component (AddParameter): Name = "Ratings"; Value = "AEC-Q200"; VariantName = "[No Variations]"
Add component (AddParameter): Name = "Thickness"; Value = "0.071inch"; VariantName = "[No Variations]"
Add component (AddParameter): Name = "Tolerance"; Value = "10%"; VariantName = "[No Variations]"
Add component (AddParameter): Name = "Voltage Rating"; Value = "50V"; VariantName = "[No Variations]"
Add component (AddParameter): Name = "Voltage Rating (DC)"; Value = "50V"; VariantName = "[No Variations]"
Add component (AddParameter): Name = "Width"; Value = "0.063inch"; VariantName = "[No Variations]"
Added Component: Designator=C27(FP-TAJA-MFG)
Add component (AddParameter): Name = "Capacitance"; Value = "4.7µF"; VariantName = "[No Variations]"
Add component (AddParameter): Name = "Case Code (Imperial)"; Value = "1206"; VariantName = "[No Variations]"
Add component (AddParameter): Name = "Case Code (Metric)"; Value = "3216"; VariantName = "[No Variations]"
Add component (AddParameter): Name = "Case/Package"; Value = "1206"; VariantName = "[No Variations]"
Add component (AddParameter): Name = "Depth"; Value = "1.6mm"; VariantName = "[No Variations]"
Add component (AddParameter): Name = "Dielectric Material"; Value = "Tantalum"; VariantName = "[No Variations]"
Add component (AddParameter): Name = "Dissipation Factor"; Value = "6%"; VariantName = "[No Variations]"
Add component (AddParameter): Name = "ESR (Equivalent Series Resistance)"; Value = "4O"; VariantName = "[No Variations]"
Add component (AddParameter): Name = "Features"; Value = "General Purpose"; VariantName = "[No Variations]"
Add component (AddParameter): Name = "Height"; Value = "1.6mm"; VariantName = "[No Variations]"
Add component (AddParameter): Name = "Height - Seated (Max)"; Value = "1.8034mm"; VariantName = "[No Variations]"
Add component (AddParameter): Name = "Lead Free"; Value = "Lead Free"; VariantName = "[No Variations]"
Add component (AddParameter): Name = "Lead Pitch"; Value = "1.1mm"; VariantName = "[No Variations]"
Add component (AddParameter): Name = "Leakage Current"; Value = "900nA"; VariantName = "[No Variations]"
Add component (AddParameter): Name = "Length"; Value = "3.2mm"; VariantName = "[No Variations]"
Add component (AddParameter): Name = "Life (Hours)"; Value = "2000hours"; VariantName = "[No Variations]"
Add component (AddParameter): Name = "Lifecycle Status"; Value = "Production"; VariantName = "[No Variations]"
Add component (AddParameter): Name = "Max Operating Temperature"; Value = "125°C"; VariantName = "[No Variations]"
Add component (AddParameter): Name = "Min Operating Temperature"; Value = "-55°C"; VariantName = "[No Variations]"
Add component (AddParameter): Name = "Mount"; Value = "PCB, Surface Mount"; VariantName = "[No Variations]"
Add component (AddParameter): Name = "NexarPartId"; Value = "39985789"; VariantName = "[No Variations]"
Add component (AddParameter): Name = "Number of Pins"; Value = "2"; VariantName = "[No Variations]"
Add component (AddParameter): Name = "Packaging"; Value = "Cut Tape (CT)"; VariantName = "[No Variations]"
Add component (AddParameter): Name = "Polarity"; Value = "Polar"; VariantName = "[No Variations]"
Add component (AddParameter): Name = "Q Factor"; Value = "6"; VariantName = "[No Variations]"
Add component (AddParameter): Name = "Radiation Hardening"; Value = "No"; VariantName = "[No Variations]"
Add component (AddParameter): Name = "REACH SVHC"; Value = "No SVHC"; VariantName = "[No Variations]"
Add component (AddParameter): Name = "Ripple Current"; Value = "137mA"; VariantName = "[No Variations]"
Add component (AddParameter): Name = "RoHS"; Value = "Compliant"; VariantName = "[No Variations]"
Add component (AddParameter): Name = "Schedule B"; Value = "8532210050"; VariantName = "[No Variations]"
Add component (AddParameter): Name = "Termination"; Value = "SMD/SMT"; VariantName = "[No Variations]"
Add component (AddParameter): Name = "Tolerance"; Value = "10%"; VariantName = "[No Variations]"
Add component (AddParameter): Name = "Voltage"; Value = "20V"; VariantName = "[No Variations]"
Add component (AddParameter): Name = "Voltage Rating"; Value = "20V"; VariantName = "[No Variations]"
Add component (AddParameter): Name = "Voltage Rating (DC)"; Value = "20V"; VariantName = "[No Variations]"
Add component (AddParameter): Name = "Width"; Value = "1.6mm"; VariantName = "[No Variations]"
Added Component: Designator=C_DB1(FP-CL10-IPC_C)
Add component (AddParameter): Name = "Capacitance"; Value = "100nF"; VariantName = "[No Variations]"
Add component (AddParameter): Name = "Case Code (Imperial)"; Value = "0603"; VariantName = "[No Variations]"
Add component (AddParameter): Name = "Case Code (Metric)"; Value = "1608"; VariantName = "[No Variations]"
Add component (AddParameter): Name = "Case/Package"; Value = "0603"; VariantName = "[No Variations]"
Add component (AddParameter): Name = "Depth"; Value = "0.8mm"; VariantName = "[No Variations]"
Add component (AddParameter): Name = "Dielectric"; Value = "X7R"; VariantName = "[No Variations]"
Add component (AddParameter): Name = "Height"; Value = "0.8mm"; VariantName = "[No Variations]"
Add component (AddParameter): Name = "Length"; Value = "1.6mm"; VariantName = "[No Variations]"
Add component (AddParameter): Name = "Max Operating Temperature"; Value = "125°C"; VariantName = "[No Variations]"
Add component (AddParameter): Name = "Min Operating Temperature"; Value = "-55°C"; VariantName = "[No Variations]"
Add component (AddParameter): Name = "Mount"; Value = "Surface Mount"; VariantName = "[No Variations]"
Add component (AddParameter): Name = "Packaging"; Value = "Tape and Reel"; VariantName = "[No Variations]"
Add component (AddParameter): Name = "Radiation Hardening"; Value = "No"; VariantName = "[No Variations]"
Add component (AddParameter): Name = "Thickness"; Value = "0.035inch"; VariantName = "[No Variations]"
Add component (AddParameter): Name = "Tolerance"; Value = "10%"; VariantName = "[No Variations]"
Add component (AddParameter): Name = "Voltage Rating"; Value = "25V"; VariantName = "[No Variations]"
Add component (AddParameter): Name = "Width"; Value = "0.031inch"; VariantName = "[No Variations]"
Added Component: Designator=C_DB2(FP-CL10-IPC_C)
Add component (AddParameter): Name = "Capacitance"; Value = "100nF"; VariantName = "[No Variations]"
Add component (AddParameter): Name = "Case Code (Imperial)"; Value = "0603"; VariantName = "[No Variations]"
Add component (AddParameter): Name = "Case Code (Metric)"; Value = "1608"; VariantName = "[No Variations]"
Add component (AddParameter): Name = "Case/Package"; Value = "0603"; VariantName = "[No Variations]"
Add component (AddParameter): Name = "Depth"; Value = "0.8mm"; VariantName = "[No Variations]"
Add component (AddParameter): Name = "Dielectric"; Value = "X7R"; VariantName = "[No Variations]"
Add component (AddParameter): Name = "Height"; Value = "0.8mm"; VariantName = "[No Variations]"
Add component (AddParameter): Name = "Length"; Value = "1.6mm"; VariantName = "[No Variations]"
Add component (AddParameter): Name = "Max Operating Temperature"; Value = "125°C"; VariantName = "[No Variations]"
Add component (AddParameter): Name = "Min Operating Temperature"; Value = "-55°C"; VariantName = "[No Variations]"
Add component (AddParameter): Name = "Mount"; Value = "Surface Mount"; VariantName = "[No Variations]"
Add component (AddParameter): Name = "Packaging"; Value = "Tape and Reel"; VariantName = "[No Variations]"
Add component (AddParameter): Name = "Radiation Hardening"; Value = "No"; VariantName = "[No Variations]"
Add component (AddParameter): Name = "Thickness"; Value = "0.035inch"; VariantName = "[No Variations]"
Add component (AddParameter): Name = "Tolerance"; Value = "10%"; VariantName = "[No Variations]"
Add component (AddParameter): Name = "Voltage Rating"; Value = "25V"; VariantName = "[No Variations]"
Add component (AddParameter): Name = "Width"; Value = "0.031inch"; VariantName = "[No Variations]"
Add component: Footprint Not Found CAPC0805(2012)145_L
Added Component: Designator=C_IR2(FP-CL10-IPC_C)
Add component (AddParameter): Name = "Capacitance"; Value = "100nF"; VariantName = "[No Variations]"
Add component (AddParameter): Name = "Case Code (Imperial)"; Value = "0603"; VariantName = "[No Variations]"
Add component (AddParameter): Name = "Case Code (Metric)"; Value = "1608"; VariantName = "[No Variations]"
Add component (AddParameter): Name = "Case/Package"; Value = "0603"; VariantName = "[No Variations]"
Add component (AddParameter): Name = "Depth"; Value = "0.8mm"; VariantName = "[No Variations]"
Add component (AddParameter): Name = "Dielectric"; Value = "X7R"; VariantName = "[No Variations]"
Add component (AddParameter): Name = "Height"; Value = "0.8mm"; VariantName = "[No Variations]"
Add component (AddParameter): Name = "Length"; Value = "1.6mm"; VariantName = "[No Variations]"
Add component (AddParameter): Name = "Max Operating Temperature"; Value = "125°C"; VariantName = "[No Variations]"
Add component (AddParameter): Name = "Min Operating Temperature"; Value = "-55°C"; VariantName = "[No Variations]"
Add component (AddParameter): Name = "Mount"; Value = "Surface Mount"; VariantName = "[No Variations]"
Add component (AddParameter): Name = "Packaging"; Value = "Tape and Reel"; VariantName = "[No Variations]"
Add component (AddParameter): Name = "Radiation Hardening"; Value = "No"; VariantName = "[No Variations]"
Add component (AddParameter): Name = "Thickness"; Value = "0.035inch"; VariantName = "[No Variations]"
Add component (AddParameter): Name = "Tolerance"; Value = "10%"; VariantName = "[No Variations]"
Add component (AddParameter): Name = "Voltage Rating"; Value = "25V"; VariantName = "[No Variations]"
Add component (AddParameter): Name = "Width"; Value = "0.031inch"; VariantName = "[No Variations]"
Add component: Footprint Not Found CAPC0805(2012)145_L
Added Component: Designator=C_IR4(FP-CL10-IPC_C)
Add component (AddParameter): Name = "Capacitance"; Value = "100nF"; VariantName = "[No Variations]"
Add component (AddParameter): Name = "Case Code (Imperial)"; Value = "0603"; VariantName = "[No Variations]"
Add component (AddParameter): Name = "Case Code (Metric)"; Value = "1608"; VariantName = "[No Variations]"
Add component (AddParameter): Name = "Case/Package"; Value = "0603"; VariantName = "[No Variations]"
Add component (AddParameter): Name = "Depth"; Value = "0.8mm"; VariantName = "[No Variations]"
Add component (AddParameter): Name = "Dielectric"; Value = "X7R"; VariantName = "[No Variations]"
Add component (AddParameter): Name = "Height"; Value = "0.8mm"; VariantName = "[No Variations]"
Add component (AddParameter): Name = "Length"; Value = "1.6mm"; VariantName = "[No Variations]"
Add component (AddParameter): Name = "Max Operating Temperature"; Value = "125°C"; VariantName = "[No Variations]"
Add component (AddParameter): Name = "Min Operating Temperature"; Value = "-55°C"; VariantName = "[No Variations]"
Add component (AddParameter): Name = "Mount"; Value = "Surface Mount"; VariantName = "[No Variations]"
Add component (AddParameter): Name = "Packaging"; Value = "Tape and Reel"; VariantName = "[No Variations]"
Add component (AddParameter): Name = "Radiation Hardening"; Value = "No"; VariantName = "[No Variations]"
Add component (AddParameter): Name = "Thickness"; Value = "0.035inch"; VariantName = "[No Variations]"
Add component (AddParameter): Name = "Tolerance"; Value = "10%"; VariantName = "[No Variations]"
Add component (AddParameter): Name = "Voltage Rating"; Value = "25V"; VariantName = "[No Variations]"
Add component (AddParameter): Name = "Width"; Value = "0.031inch"; VariantName = "[No Variations]"
Added Component: Designator=C_IR5(FP-CL10-IPC_C)
Add component (AddParameter): Name = "Capacitance"; Value = "100nF"; VariantName = "[No Variations]"
Add component (AddParameter): Name = "Case Code (Imperial)"; Value = "0603"; VariantName = "[No Variations]"
Add component (AddParameter): Name = "Case Code (Metric)"; Value = "1608"; VariantName = "[No Variations]"
Add component (AddParameter): Name = "Case/Package"; Value = "0603"; VariantName = "[No Variations]"
Add component (AddParameter): Name = "Depth"; Value = "0.8mm"; VariantName = "[No Variations]"
Add component (AddParameter): Name = "Dielectric"; Value = "X7R"; VariantName = "[No Variations]"
Add component (AddParameter): Name = "Height"; Value = "0.8mm"; VariantName = "[No Variations]"
Add component (AddParameter): Name = "Length"; Value = "1.6mm"; VariantName = "[No Variations]"
Add component (AddParameter): Name = "Max Operating Temperature"; Value = "125°C"; VariantName = "[No Variations]"
Add component (AddParameter): Name = "Min Operating Temperature"; Value = "-55°C"; VariantName = "[No Variations]"
Add component (AddParameter): Name = "Mount"; Value = "Surface Mount"; VariantName = "[No Variations]"
Add component (AddParameter): Name = "Packaging"; Value = "Tape and Reel"; VariantName = "[No Variations]"
Add component (AddParameter): Name = "Radiation Hardening"; Value = "No"; VariantName = "[No Variations]"
Add component (AddParameter): Name = "Thickness"; Value = "0.035inch"; VariantName = "[No Variations]"
Add component (AddParameter): Name = "Tolerance"; Value = "10%"; VariantName = "[No Variations]"
Add component (AddParameter): Name = "Voltage Rating"; Value = "25V"; VariantName = "[No Variations]"
Add component (AddParameter): Name = "Width"; Value = "0.031inch"; VariantName = "[No Variations]"
Add component: Footprint Not Found CAPC0805(2012)145_L
Added Component: Designator=C_MPU1(FP-CL10-IPC_C)
Add component (AddParameter): Name = "Capacitance"; Value = "100nF"; VariantName = "[No Variations]"
Add component (AddParameter): Name = "Case Code (Imperial)"; Value = "0603"; VariantName = "[No Variations]"
Add component (AddParameter): Name = "Case Code (Metric)"; Value = "1608"; VariantName = "[No Variations]"
Add component (AddParameter): Name = "Case/Package"; Value = "0603"; VariantName = "[No Variations]"
Add component (AddParameter): Name = "Depth"; Value = "0.8mm"; VariantName = "[No Variations]"
Add component (AddParameter): Name = "Dielectric"; Value = "X7R"; VariantName = "[No Variations]"
Add component (AddParameter): Name = "Height"; Value = "0.8mm"; VariantName = "[No Variations]"
Add component (AddParameter): Name = "Length"; Value = "1.6mm"; VariantName = "[No Variations]"
Add component (AddParameter): Name = "Max Operating Temperature"; Value = "125°C"; VariantName = "[No Variations]"
Add component (AddParameter): Name = "Min Operating Temperature"; Value = "-55°C"; VariantName = "[No Variations]"
Add component (AddParameter): Name = "Mount"; Value = "Surface Mount"; VariantName = "[No Variations]"
Add component (AddParameter): Name = "Packaging"; Value = "Tape and Reel"; VariantName = "[No Variations]"
Add component (AddParameter): Name = "Radiation Hardening"; Value = "No"; VariantName = "[No Variations]"
Add component (AddParameter): Name = "Thickness"; Value = "0.035inch"; VariantName = "[No Variations]"
Add component (AddParameter): Name = "Tolerance"; Value = "10%"; VariantName = "[No Variations]"
Add component (AddParameter): Name = "Voltage Rating"; Value = "25V"; VariantName = "[No Variations]"
Add component (AddParameter): Name = "Width"; Value = "0.031inch"; VariantName = "[No Variations]"
Added Component: Designator=C_MPU2(FP-CL10-IPC_C)
Add component (AddParameter): Name = "Capacitance"; Value = "100nF"; VariantName = "[No Variations]"
Add component (AddParameter): Name = "Case Code (Imperial)"; Value = "0603"; VariantName = "[No Variations]"
Add component (AddParameter): Name = "Case Code (Metric)"; Value = "1608"; VariantName = "[No Variations]"
Add component (AddParameter): Name = "Case/Package"; Value = "0603"; VariantName = "[No Variations]"
Add component (AddParameter): Name = "Depth"; Value = "0.8mm"; VariantName = "[No Variations]"
Add component (AddParameter): Name = "Dielectric"; Value = "X7R"; VariantName = "[No Variations]"
Add component (AddParameter): Name = "Height"; Value = "0.8mm"; VariantName = "[No Variations]"
Add component (AddParameter): Name = "Length"; Value = "1.6mm"; VariantName = "[No Variations]"
Add component (AddParameter): Name = "Max Operating Temperature"; Value = "125°C"; VariantName = "[No Variations]"
Add component (AddParameter): Name = "Min Operating Temperature"; Value = "-55°C"; VariantName = "[No Variations]"
Add component (AddParameter): Name = "Mount"; Value = "Surface Mount"; VariantName = "[No Variations]"
Add component (AddParameter): Name = "Packaging"; Value = "Tape and Reel"; VariantName = "[No Variations]"
Add component (AddParameter): Name = "Radiation Hardening"; Value = "No"; VariantName = "[No Variations]"
Add component (AddParameter): Name = "Thickness"; Value = "0.035inch"; VariantName = "[No Variations]"
Add component (AddParameter): Name = "Tolerance"; Value = "10%"; VariantName = "[No Variations]"
Add component (AddParameter): Name = "Voltage Rating"; Value = "25V"; VariantName = "[No Variations]"
Add component (AddParameter): Name = "Width"; Value = "0.031inch"; VariantName = "[No Variations]"
Added Component: Designator=CLP1(FP-CL10-IPC_C)
Add component (AddParameter): Name = "Capacitance"; Value = "100nF"; VariantName = "[No Variations]"
Add component (AddParameter): Name = "Case Code (Imperial)"; Value = "0603"; VariantName = "[No Variations]"
Add component (AddParameter): Name = "Case Code (Metric)"; Value = "1608"; VariantName = "[No Variations]"
Add component (AddParameter): Name = "Case/Package"; Value = "0603"; VariantName = "[No Variations]"
Add component (AddParameter): Name = "Depth"; Value = "0.8mm"; VariantName = "[No Variations]"
Add component (AddParameter): Name = "Dielectric"; Value = "X7R"; VariantName = "[No Variations]"
Add component (AddParameter): Name = "Height"; Value = "0.8mm"; VariantName = "[No Variations]"
Add component (AddParameter): Name = "Length"; Value = "1.6mm"; VariantName = "[No Variations]"
Add component (AddParameter): Name = "Max Operating Temperature"; Value = "125°C"; VariantName = "[No Variations]"
Add component (AddParameter): Name = "Min Operating Temperature"; Value = "-55°C"; VariantName = "[No Variations]"
Add component (AddParameter): Name = "Mount"; Value = "Surface Mount"; VariantName = "[No Variations]"
Add component (AddParameter): Name = "Packaging"; Value = "Tape and Reel"; VariantName = "[No Variations]"
Add component (AddParameter): Name = "Radiation Hardening"; Value = "No"; VariantName = "[No Variations]"
Add component (AddParameter): Name = "Thickness"; Value = "0.035inch"; VariantName = "[No Variations]"
Add component (AddParameter): Name = "Tolerance"; Value = "10%"; VariantName = "[No Variations]"
Add component (AddParameter): Name = "Voltage Rating"; Value = "25V"; VariantName = "[No Variations]"
Add component (AddParameter): Name = "Width"; Value = "0.031inch"; VariantName = "[No Variations]"
Added Component: Designator=CLP2(FP-CL10-IPC_C)
Add component (AddParameter): Name = "Capacitance"; Value = "100nF"; VariantName = "[No Variations]"
Add component (AddParameter): Name = "Case Code (Imperial)"; Value = "0603"; VariantName = "[No Variations]"
Add component (AddParameter): Name = "Case Code (Metric)"; Value = "1608"; VariantName = "[No Variations]"
Add component (AddParameter): Name = "Case/Package"; Value = "0603"; VariantName = "[No Variations]"
Add component (AddParameter): Name = "Depth"; Value = "0.8mm"; VariantName = "[No Variations]"
Add component (AddParameter): Name = "Dielectric"; Value = "X7R"; VariantName = "[No Variations]"
Add component (AddParameter): Name = "Height"; Value = "0.8mm"; VariantName = "[No Variations]"
Add component (AddParameter): Name = "Length"; Value = "1.6mm"; VariantName = "[No Variations]"
Add component (AddParameter): Name = "Max Operating Temperature"; Value = "125°C"; VariantName = "[No Variations]"
Add component (AddParameter): Name = "Min Operating Temperature"; Value = "-55°C"; VariantName = "[No Variations]"
Add component (AddParameter): Name = "Mount"; Value = "Surface Mount"; VariantName = "[No Variations]"
Add component (AddParameter): Name = "Packaging"; Value = "Tape and Reel"; VariantName = "[No Variations]"
Add component (AddParameter): Name = "Radiation Hardening"; Value = "No"; VariantName = "[No Variations]"
Add component (AddParameter): Name = "Thickness"; Value = "0.035inch"; VariantName = "[No Variations]"
Add component (AddParameter): Name = "Tolerance"; Value = "10%"; VariantName = "[No Variations]"
Add component (AddParameter): Name = "Voltage Rating"; Value = "25V"; VariantName = "[No Variations]"
Add component (AddParameter): Name = "Width"; Value = "0.031inch"; VariantName = "[No Variations]"
Added Component: Designator=CLP3(FP-CL10-IPC_C)
Add component (AddParameter): Name = "Capacitance"; Value = "100nF"; VariantName = "[No Variations]"
Add component (AddParameter): Name = "Case Code (Imperial)"; Value = "0603"; VariantName = "[No Variations]"
Add component (AddParameter): Name = "Case Code (Metric)"; Value = "1608"; VariantName = "[No Variations]"
Add component (AddParameter): Name = "Case/Package"; Value = "0603"; VariantName = "[No Variations]"
Add component (AddParameter): Name = "Depth"; Value = "0.8mm"; VariantName = "[No Variations]"
Add component (AddParameter): Name = "Dielectric"; Value = "X7R"; VariantName = "[No Variations]"
Add component (AddParameter): Name = "Height"; Value = "0.8mm"; VariantName = "[No Variations]"
Add component (AddParameter): Name = "Length"; Value = "1.6mm"; VariantName = "[No Variations]"
Add component (AddParameter): Name = "Max Operating Temperature"; Value = "125°C"; VariantName = "[No Variations]"
Add component (AddParameter): Name = "Min Operating Temperature"; Value = "-55°C"; VariantName = "[No Variations]"
Add component (AddParameter): Name = "Mount"; Value = "Surface Mount"; VariantName = "[No Variations]"
Add component (AddParameter): Name = "Packaging"; Value = "Tape and Reel"; VariantName = "[No Variations]"
Add component (AddParameter): Name = "Radiation Hardening"; Value = "No"; VariantName = "[No Variations]"
Add component (AddParameter): Name = "Thickness"; Value = "0.035inch"; VariantName = "[No Variations]"
Add component (AddParameter): Name = "Tolerance"; Value = "10%"; VariantName = "[No Variations]"
Add component (AddParameter): Name = "Voltage Rating"; Value = "25V"; VariantName = "[No Variations]"
Add component (AddParameter): Name = "Width"; Value = "0.031inch"; VariantName = "[No Variations]"
Added Component: Designator=CLP4(FP-CL10-IPC_C)
Add component (AddParameter): Name = "Capacitance"; Value = "100nF"; VariantName = "[No Variations]"
Add component (AddParameter): Name = "Case Code (Imperial)"; Value = "0603"; VariantName = "[No Variations]"
Add component (AddParameter): Name = "Case Code (Metric)"; Value = "1608"; VariantName = "[No Variations]"
Add component (AddParameter): Name = "Case/Package"; Value = "0603"; VariantName = "[No Variations]"
Add component (AddParameter): Name = "Depth"; Value = "0.8mm"; VariantName = "[No Variations]"
Add component (AddParameter): Name = "Dielectric"; Value = "X7R"; VariantName = "[No Variations]"
Add component (AddParameter): Name = "Height"; Value = "0.8mm"; VariantName = "[No Variations]"
Add component (AddParameter): Name = "Length"; Value = "1.6mm"; VariantName = "[No Variations]"
Add component (AddParameter): Name = "Max Operating Temperature"; Value = "125°C"; VariantName = "[No Variations]"
Add component (AddParameter): Name = "Min Operating Temperature"; Value = "-55°C"; VariantName = "[No Variations]"
Add component (AddParameter): Name = "Mount"; Value = "Surface Mount"; VariantName = "[No Variations]"
Add component (AddParameter): Name = "Packaging"; Value = "Tape and Reel"; VariantName = "[No Variations]"
Add component (AddParameter): Name = "Radiation Hardening"; Value = "No"; VariantName = "[No Variations]"
Add component (AddParameter): Name = "Thickness"; Value = "0.035inch"; VariantName = "[No Variations]"
Add component (AddParameter): Name = "Tolerance"; Value = "10%"; VariantName = "[No Variations]"
Add component (AddParameter): Name = "Voltage Rating"; Value = "25V"; VariantName = "[No Variations]"
Add component (AddParameter): Name = "Width"; Value = "0.031inch"; VariantName = "[No Variations]"
Added Component: Designator=D1(FP-LTST-C190GKT-MFG)
Add component (AddParameter): Name = "Case Code (Imperial)"; Value = "0603"; VariantName = "[No Variations]"
Add component (AddParameter): Name = "Case Code (Metric)"; Value = "1608"; VariantName = "[No Variations]"
Add component (AddParameter): Name = "Case/Package"; Value = "0603"; VariantName = "[No Variations]"
Add component (AddParameter): Name = "Color"; Value = "Green"; VariantName = "[No Variations]"
Add component (AddParameter): Name = "Depth"; Value = "0.8mm"; VariantName = "[No Variations]"
Add component (AddParameter): Name = "Dominant Wavelength"; Value = "569nm"; VariantName = "[No Variations]"
Add component (AddParameter): Name = "Forward Current"; Value = "30mA"; VariantName = "[No Variations]"
Add component (AddParameter): Name = "Forward Voltage"; Value = "2.1V"; VariantName = "[No Variations]"
Add component (AddParameter): Name = "Height"; Value = "0.8mm"; VariantName = "[No Variations]"
Add component (AddParameter): Name = "Illumination Color"; Value = "Green"; VariantName = "[No Variations]"
Add component (AddParameter): Name = "Lead Free"; Value = "Lead Free"; VariantName = "[No Variations]"
Add component (AddParameter): Name = "Length"; Value = "1.6mm"; VariantName = "[No Variations]"
Add component (AddParameter): Name = "Lens Color"; Value = "Colorless"; VariantName = "[No Variations]"
Add component (AddParameter): Name = "Lens Style"; Value = "Clear"; VariantName = "[No Variations]"
Add component (AddParameter): Name = "Lens Transparency"; Value = "Clear"; VariantName = "[No Variations]"
Add component (AddParameter): Name = "Luminous Intensity"; Value = "6mcd"; VariantName = "[No Variations]"
Add component (AddParameter): Name = "Max Operating Temperature"; Value = "85°C"; VariantName = "[No Variations]"
Add component (AddParameter): Name = "Min Operating Temperature"; Value = "-55°C"; VariantName = "[No Variations]"
Add component (AddParameter): Name = "Mount"; Value = "Surface Mount"; VariantName = "[No Variations]"
Add component (AddParameter): Name = "Number of Elements"; Value = "1"; VariantName = "[No Variations]"
Add component (AddParameter): Name = "Number of LEDs"; Value = "1"; VariantName = "[No Variations]"
Add component (AddParameter): Name = "Number of Pins"; Value = "2"; VariantName = "[No Variations]"
Add component (AddParameter): Name = "Package Quantity"; Value = "1"; VariantName = "[No Variations]"
Add component (AddParameter): Name = "Packaging"; Value = "Tape and Reel"; VariantName = "[No Variations]"
Add component (AddParameter): Name = "Power Dissipation"; Value = "100mW"; VariantName = "[No Variations]"
Add component (AddParameter): Name = "Power Rating"; Value = "100mW"; VariantName = "[No Variations]"
Add component (AddParameter): Name = "Radiation Hardening"; Value = "No"; VariantName = "[No Variations]"
Add component (AddParameter): Name = "Reverse Voltage"; Value = "5V"; VariantName = "[No Variations]"
Add component (AddParameter): Name = "Test Current"; Value = "10mA"; VariantName = "[No Variations]"
Add component (AddParameter): Name = "Viewing Angle"; Value = "130°"; VariantName = "[No Variations]"
Add component (AddParameter): Name = "Voltage"; Value = "2V"; VariantName = "[No Variations]"
Add component (AddParameter): Name = "Wavelength"; Value = "565nm"; VariantName = "[No Variations]"
Add component (AddParameter): Name = "Width"; Value = "0.8mm"; VariantName = "[No Variations]"
Added Component: Designator=D3(FP-LTST-C190GKT-MFG)
Add component (AddParameter): Name = "Case Code (Imperial)"; Value = "0603"; VariantName = "[No Variations]"
Add component (AddParameter): Name = "Case Code (Metric)"; Value = "1608"; VariantName = "[No Variations]"
Add component (AddParameter): Name = "Case/Package"; Value = "0603"; VariantName = "[No Variations]"
Add component (AddParameter): Name = "Color"; Value = "Green"; VariantName = "[No Variations]"
Add component (AddParameter): Name = "Depth"; Value = "0.8mm"; VariantName = "[No Variations]"
Add component (AddParameter): Name = "Dominant Wavelength"; Value = "569nm"; VariantName = "[No Variations]"
Add component (AddParameter): Name = "Forward Current"; Value = "30mA"; VariantName = "[No Variations]"
Add component (AddParameter): Name = "Forward Voltage"; Value = "2.1V"; VariantName = "[No Variations]"
Add component (AddParameter): Name = "Height"; Value = "0.8mm"; VariantName = "[No Variations]"
Add component (AddParameter): Name = "Illumination Color"; Value = "Green"; VariantName = "[No Variations]"
Add component (AddParameter): Name = "Lead Free"; Value = "Lead Free"; VariantName = "[No Variations]"
Add component (AddParameter): Name = "Length"; Value = "1.6mm"; VariantName = "[No Variations]"
Add component (AddParameter): Name = "Lens Color"; Value = "Colorless"; VariantName = "[No Variations]"
Add component (AddParameter): Name = "Lens Style"; Value = "Clear"; VariantName = "[No Variations]"
Add component (AddParameter): Name = "Lens Transparency"; Value = "Clear"; VariantName = "[No Variations]"
Add component (AddParameter): Name = "Luminous Intensity"; Value = "6mcd"; VariantName = "[No Variations]"
Add component (AddParameter): Name = "Max Operating Temperature"; Value = "85°C"; VariantName = "[No Variations]"
Add component (AddParameter): Name = "Min Operating Temperature"; Value = "-55°C"; VariantName = "[No Variations]"
Add component (AddParameter): Name = "Mount"; Value = "Surface Mount"; VariantName = "[No Variations]"
Add component (AddParameter): Name = "Number of Elements"; Value = "1"; VariantName = "[No Variations]"
Add component (AddParameter): Name = "Number of LEDs"; Value = "1"; VariantName = "[No Variations]"
Add component (AddParameter): Name = "Number of Pins"; Value = "2"; VariantName = "[No Variations]"
Add component (AddParameter): Name = "Package Quantity"; Value = "1"; VariantName = "[No Variations]"
Add component (AddParameter): Name = "Packaging"; Value = "Tape and Reel"; VariantName = "[No Variations]"
Add component (AddParameter): Name = "Power Dissipation"; Value = "100mW"; VariantName = "[No Variations]"
Add component (AddParameter): Name = "Power Rating"; Value = "100mW"; VariantName = "[No Variations]"
Add component (AddParameter): Name = "Radiation Hardening"; Value = "No"; VariantName = "[No Variations]"
Add component (AddParameter): Name = "Reverse Voltage"; Value = "5V"; VariantName = "[No Variations]"
Add component (AddParameter): Name = "Test Current"; Value = "10mA"; VariantName = "[No Variations]"
Add component (AddParameter): Name = "Viewing Angle"; Value = "130°"; VariantName = "[No Variations]"
Add component (AddParameter): Name = "Voltage"; Value = "2V"; VariantName = "[No Variations]"
Add component (AddParameter): Name = "Wavelength"; Value = "565nm"; VariantName = "[No Variations]"
Add component (AddParameter): Name = "Width"; Value = "0.8mm"; VariantName = "[No Variations]"
Added Component: Designator=D4(FP-MA02A-MFG)
Add component (AddParameter): Name = "Contact Plating"; Value = "Tin"; VariantName = "[No Variations]"
Add component (AddParameter): Name = "Element Configuration"; Value = "Single"; VariantName = "[No Variations]"
Add component (AddParameter): Name = "ESD Protection"; Value = "No"; VariantName = "[No Variations]"
Add component (AddParameter): Name = "Forward Voltage"; Value = "900mV"; VariantName = "[No Variations]"
Add component (AddParameter): Name = "Height"; Value = "1.28mm"; VariantName = "[No Variations]"
Add component (AddParameter): Name = "Impedance"; Value = "11O"; VariantName = "[No Variations]"
Add component (AddParameter): Name = "Lead Free"; Value = "Lead Free"; VariantName = "[No Variations]"
Add component (AddParameter): Name = "Length"; Value = "2.85mm"; VariantName = "[No Variations]"
Add component (AddParameter): Name = "Max Junction Temperature (Tj)"; Value = "150°C"; VariantName = "[No Variations]"
Add component (AddParameter): Name = "Max Operating Temperature"; Value = "150°C"; VariantName = "[No Variations]"
Add component (AddParameter): Name = "Max Power Dissipation"; Value = "500mW"; VariantName = "[No Variations]"
Add component (AddParameter): Name = "Max Reverse Leakage Current"; Value = "5µA"; VariantName = "[No Variations]"
Add component (AddParameter): Name = "Min Operating Temperature"; Value = "-55°C"; VariantName = "[No Variations]"
Add component (AddParameter): Name = "Mount"; Value = "Surface Mount"; VariantName = "[No Variations]"
Add component (AddParameter): Name = "NexarPartId"; Value = "11829623"; VariantName = "[No Variations]"
Add component (AddParameter): Name = "Number of Pins"; Value = "2"; VariantName = "[No Variations]"
Add component (AddParameter): Name = "Packaging"; Value = "Cut Tape"; VariantName = "[No Variations]"
Add component (AddParameter): Name = "Peak Reverse Current"; Value = "5µA"; VariantName = "[No Variations]"
Add component (AddParameter): Name = "Power Dissipation"; Value = "500mW"; VariantName = "[No Variations]"
Add component (AddParameter): Name = "Power Rating"; Value = "500mW"; VariantName = "[No Variations]"
Add component (AddParameter): Name = "Radiation Hardening"; Value = "No"; VariantName = "[No Variations]"
Add component (AddParameter): Name = "REACH SVHC"; Value = "No SVHC"; VariantName = "[No Variations]"
Add component (AddParameter): Name = "Reverse Voltage"; Value = "3V"; VariantName = "[No Variations]"
Add component (AddParameter): Name = "RoHS"; Value = "Compliant"; VariantName = "[No Variations]"
Add component (AddParameter): Name = "Test Current"; Value = "20mA"; VariantName = "[No Variations]"
Add component (AddParameter): Name = "Tolerance"; Value = "5%"; VariantName = "[No Variations]"
Add component (AddParameter): Name = "Voltage Rating (DC)"; Value = "5.6V"; VariantName = "[No Variations]"
Add component (AddParameter): Name = "Voltage Tolerance"; Value = "5%"; VariantName = "[No Variations]"
Add component (AddParameter): Name = "Weight"; Value = "30mg"; VariantName = "[No Variations]"
Add component (AddParameter): Name = "Width"; Value = "1.8mm"; VariantName = "[No Variations]"
Add component (AddParameter): Name = "Working Voltage"; Value = "5.6V"; VariantName = "[No Variations]"
Add component (AddParameter): Name = "Zener Current"; Value = "20mA"; VariantName = "[No Variations]"
Add component (AddParameter): Name = "Zener Voltage"; Value = "5.6V"; VariantName = "[No Variations]"
Added Component: Designator=D5(FP-LTST-C190GKT-MFG)
Add component (AddParameter): Name = "Case Code (Imperial)"; Value = "0603"; VariantName = "[No Variations]"
Add component (AddParameter): Name = "Case Code (Metric)"; Value = "1608"; VariantName = "[No Variations]"
Add component (AddParameter): Name = "Case/Package"; Value = "0603"; VariantName = "[No Variations]"
Add component (AddParameter): Name = "Color"; Value = "Green"; VariantName = "[No Variations]"
Add component (AddParameter): Name = "Depth"; Value = "0.8mm"; VariantName = "[No Variations]"
Add component (AddParameter): Name = "Dominant Wavelength"; Value = "569nm"; VariantName = "[No Variations]"
Add component (AddParameter): Name = "Forward Current"; Value = "30mA"; VariantName = "[No Variations]"
Add component (AddParameter): Name = "Forward Voltage"; Value = "2.1V"; VariantName = "[No Variations]"
Add component (AddParameter): Name = "Height"; Value = "0.8mm"; VariantName = "[No Variations]"
Add component (AddParameter): Name = "Illumination Color"; Value = "Green"; VariantName = "[No Variations]"
Add component (AddParameter): Name = "Lead Free"; Value = "Lead Free"; VariantName = "[No Variations]"
Add component (AddParameter): Name = "Length"; Value = "1.6mm"; VariantName = "[No Variations]"
Add component (AddParameter): Name = "Lens Color"; Value = "Colorless"; VariantName = "[No Variations]"
Add component (AddParameter): Name = "Lens Style"; Value = "Clear"; VariantName = "[No Variations]"
Add component (AddParameter): Name = "Lens Transparency"; Value = "Clear"; VariantName = "[No Variations]"
Add component (AddParameter): Name = "Luminous Intensity"; Value = "6mcd"; VariantName = "[No Variations]"
Add component (AddParameter): Name = "Max Operating Temperature"; Value = "85°C"; VariantName = "[No Variations]"
Add component (AddParameter): Name = "Min Operating Temperature"; Value = "-55°C"; VariantName = "[No Variations]"
Add component (AddParameter): Name = "Mount"; Value = "Surface Mount"; VariantName = "[No Variations]"
Add component (AddParameter): Name = "Number of Elements"; Value = "1"; VariantName = "[No Variations]"
Add component (AddParameter): Name = "Number of LEDs"; Value = "1"; VariantName = "[No Variations]"
Add component (AddParameter): Name = "Number of Pins"; Value = "2"; VariantName = "[No Variations]"
Add component (AddParameter): Name = "Package Quantity"; Value = "1"; VariantName = "[No Variations]"
Add component (AddParameter): Name = "Packaging"; Value = "Tape and Reel"; VariantName = "[No Variations]"
Add component (AddParameter): Name = "Power Dissipation"; Value = "100mW"; VariantName = "[No Variations]"
Add component (AddParameter): Name = "Power Rating"; Value = "100mW"; VariantName = "[No Variations]"
Add component (AddParameter): Name = "Radiation Hardening"; Value = "No"; VariantName = "[No Variations]"
Add component (AddParameter): Name = "Reverse Voltage"; Value = "5V"; VariantName = "[No Variations]"
Add component (AddParameter): Name = "Test Current"; Value = "10mA"; VariantName = "[No Variations]"
Add component (AddParameter): Name = "Viewing Angle"; Value = "130°"; VariantName = "[No Variations]"
Add component (AddParameter): Name = "Voltage"; Value = "2V"; VariantName = "[No Variations]"
Add component (AddParameter): Name = "Wavelength"; Value = "565nm"; VariantName = "[No Variations]"
Add component (AddParameter): Name = "Width"; Value = "0.8mm"; VariantName = "[No Variations]"
Added Component: Designator=D6(FP-LTST-C190GKT-MFG)
Add component (AddParameter): Name = "Case Code (Imperial)"; Value = "0603"; VariantName = "[No Variations]"
Add component (AddParameter): Name = "Case Code (Metric)"; Value = "1608"; VariantName = "[No Variations]"
Add component (AddParameter): Name = "Case/Package"; Value = "0603"; VariantName = "[No Variations]"
Add component (AddParameter): Name = "Color"; Value = "Green"; VariantName = "[No Variations]"
Add component (AddParameter): Name = "Depth"; Value = "0.8mm"; VariantName = "[No Variations]"
Add component (AddParameter): Name = "Dominant Wavelength"; Value = "569nm"; VariantName = "[No Variations]"
Add component (AddParameter): Name = "Forward Current"; Value = "30mA"; VariantName = "[No Variations]"
Add component (AddParameter): Name = "Forward Voltage"; Value = "2.1V"; VariantName = "[No Variations]"
Add component (AddParameter): Name = "Height"; Value = "0.8mm"; VariantName = "[No Variations]"
Add component (AddParameter): Name = "Illumination Color"; Value = "Green"; VariantName = "[No Variations]"
Add component (AddParameter): Name = "Lead Free"; Value = "Lead Free"; VariantName = "[No Variations]"
Add component (AddParameter): Name = "Length"; Value = "1.6mm"; VariantName = "[No Variations]"
Add component (AddParameter): Name = "Lens Color"; Value = "Colorless"; VariantName = "[No Variations]"
Add component (AddParameter): Name = "Lens Style"; Value = "Clear"; VariantName = "[No Variations]"
Add component (AddParameter): Name = "Lens Transparency"; Value = "Clear"; VariantName = "[No Variations]"
Add component (AddParameter): Name = "Luminous Intensity"; Value = "6mcd"; VariantName = "[No Variations]"
Add component (AddParameter): Name = "Max Operating Temperature"; Value = "85°C"; VariantName = "[No Variations]"
Add component (AddParameter): Name = "Min Operating Temperature"; Value = "-55°C"; VariantName = "[No Variations]"
Add component (AddParameter): Name = "Mount"; Value = "Surface Mount"; VariantName = "[No Variations]"
Add component (AddParameter): Name = "Number of Elements"; Value = "1"; VariantName = "[No Variations]"
Add component (AddParameter): Name = "Number of LEDs"; Value = "1"; VariantName = "[No Variations]"
Add component (AddParameter): Name = "Number of Pins"; Value = "2"; VariantName = "[No Variations]"
Add component (AddParameter): Name = "Package Quantity"; Value = "1"; VariantName = "[No Variations]"
Add component (AddParameter): Name = "Packaging"; Value = "Tape and Reel"; VariantName = "[No Variations]"
Add component (AddParameter): Name = "Power Dissipation"; Value = "100mW"; VariantName = "[No Variations]"
Add component (AddParameter): Name = "Power Rating"; Value = "100mW"; VariantName = "[No Variations]"
Add component (AddParameter): Name = "Radiation Hardening"; Value = "No"; VariantName = "[No Variations]"
Add component (AddParameter): Name = "Reverse Voltage"; Value = "5V"; VariantName = "[No Variations]"
Add component (AddParameter): Name = "Test Current"; Value = "10mA"; VariantName = "[No Variations]"
Add component (AddParameter): Name = "Viewing Angle"; Value = "130°"; VariantName = "[No Variations]"
Add component (AddParameter): Name = "Voltage"; Value = "2V"; VariantName = "[No Variations]"
Add component (AddParameter): Name = "Wavelength"; Value = "565nm"; VariantName = "[No Variations]"
Add component (AddParameter): Name = "Width"; Value = "0.8mm"; VariantName = "[No Variations]"
Added Component: Designator=D13(FP-LTST-C190GKT-MFG)
Add component (AddParameter): Name = "Case Code (Imperial)"; Value = "0603"; VariantName = "[No Variations]"
Add component (AddParameter): Name = "Case Code (Metric)"; Value = "1608"; VariantName = "[No Variations]"
Add component (AddParameter): Name = "Case/Package"; Value = "0603"; VariantName = "[No Variations]"
Add component (AddParameter): Name = "Color"; Value = "Green"; VariantName = "[No Variations]"
Add component (AddParameter): Name = "Depth"; Value = "0.8mm"; VariantName = "[No Variations]"
Add component (AddParameter): Name = "Dominant Wavelength"; Value = "569nm"; VariantName = "[No Variations]"
Add component (AddParameter): Name = "Forward Current"; Value = "30mA"; VariantName = "[No Variations]"
Add component (AddParameter): Name = "Forward Voltage"; Value = "2.1V"; VariantName = "[No Variations]"
Add component (AddParameter): Name = "Height"; Value = "0.8mm"; VariantName = "[No Variations]"
Add component (AddParameter): Name = "Illumination Color"; Value = "Green"; VariantName = "[No Variations]"
Add component (AddParameter): Name = "Lead Free"; Value = "Lead Free"; VariantName = "[No Variations]"
Add component (AddParameter): Name = "Length"; Value = "1.6mm"; VariantName = "[No Variations]"
Add component (AddParameter): Name = "Lens Color"; Value = "Colorless"; VariantName = "[No Variations]"
Add component (AddParameter): Name = "Lens Style"; Value = "Clear"; VariantName = "[No Variations]"
Add component (AddParameter): Name = "Lens Transparency"; Value = "Clear"; VariantName = "[No Variations]"
Add component (AddParameter): Name = "Luminous Intensity"; Value = "6mcd"; VariantName = "[No Variations]"
Add component (AddParameter): Name = "Max Operating Temperature"; Value = "85°C"; VariantName = "[No Variations]"
Add component (AddParameter): Name = "Min Operating Temperature"; Value = "-55°C"; VariantName = "[No Variations]"
Add component (AddParameter): Name = "Mount"; Value = "Surface Mount"; VariantName = "[No Variations]"
Add component (AddParameter): Name = "Number of Elements"; Value = "1"; VariantName = "[No Variations]"
Add component (AddParameter): Name = "Number of LEDs"; Value = "1"; VariantName = "[No Variations]"
Add component (AddParameter): Name = "Number of Pins"; Value = "2"; VariantName = "[No Variations]"
Add component (AddParameter): Name = "Package Quantity"; Value = "1"; VariantName = "[No Variations]"
Add component (AddParameter): Name = "Packaging"; Value = "Tape and Reel"; VariantName = "[No Variations]"
Add component (AddParameter): Name = "Power Dissipation"; Value = "100mW"; VariantName = "[No Variations]"
Add component (AddParameter): Name = "Power Rating"; Value = "100mW"; VariantName = "[No Variations]"
Add component (AddParameter): Name = "Radiation Hardening"; Value = "No"; VariantName = "[No Variations]"
Add component (AddParameter): Name = "Reverse Voltage"; Value = "5V"; VariantName = "[No Variations]"
Add component (AddParameter): Name = "Test Current"; Value = "10mA"; VariantName = "[No Variations]"
Add component (AddParameter): Name = "Viewing Angle"; Value = "130°"; VariantName = "[No Variations]"
Add component (AddParameter): Name = "Voltage"; Value = "2V"; VariantName = "[No Variations]"
Add component (AddParameter): Name = "Wavelength"; Value = "565nm"; VariantName = "[No Variations]"
Add component (AddParameter): Name = "Width"; Value = "0.8mm"; VariantName = "[No Variations]"
Added Component: Designator=D_power(FP-MA02A-MFG)
Add component (AddParameter): Name = "Contact Plating"; Value = "Tin"; VariantName = "[No Variations]"
Add component (AddParameter): Name = "Element Configuration"; Value = "Single"; VariantName = "[No Variations]"
Add component (AddParameter): Name = "ESD Protection"; Value = "No"; VariantName = "[No Variations]"
Add component (AddParameter): Name = "Forward Voltage"; Value = "900mV"; VariantName = "[No Variations]"
Add component (AddParameter): Name = "Height"; Value = "1.28mm"; VariantName = "[No Variations]"
Add component (AddParameter): Name = "Impedance"; Value = "11O"; VariantName = "[No Variations]"
Add component (AddParameter): Name = "Lead Free"; Value = "Lead Free"; VariantName = "[No Variations]"
Add component (AddParameter): Name = "Length"; Value = "2.85mm"; VariantName = "[No Variations]"
Add component (AddParameter): Name = "Max Junction Temperature (Tj)"; Value = "150°C"; VariantName = "[No Variations]"
Add component (AddParameter): Name = "Max Operating Temperature"; Value = "150°C"; VariantName = "[No Variations]"
Add component (AddParameter): Name = "Max Power Dissipation"; Value = "500mW"; VariantName = "[No Variations]"
Add component (AddParameter): Name = "Max Reverse Leakage Current"; Value = "5µA"; VariantName = "[No Variations]"
Add component (AddParameter): Name = "Min Operating Temperature"; Value = "-55°C"; VariantName = "[No Variations]"
Add component (AddParameter): Name = "Mount"; Value = "Surface Mount"; VariantName = "[No Variations]"
Add component (AddParameter): Name = "NexarPartId"; Value = "11829623"; VariantName = "[No Variations]"
Add component (AddParameter): Name = "Number of Pins"; Value = "2"; VariantName = "[No Variations]"
Add component (AddParameter): Name = "Packaging"; Value = "Cut Tape"; VariantName = "[No Variations]"
Add component (AddParameter): Name = "Peak Reverse Current"; Value = "5µA"; VariantName = "[No Variations]"
Add component (AddParameter): Name = "Power Dissipation"; Value = "500mW"; VariantName = "[No Variations]"
Add component (AddParameter): Name = "Power Rating"; Value = "500mW"; VariantName = "[No Variations]"
Add component (AddParameter): Name = "Radiation Hardening"; Value = "No"; VariantName = "[No Variations]"
Add component (AddParameter): Name = "REACH SVHC"; Value = "No SVHC"; VariantName = "[No Variations]"
Add component (AddParameter): Name = "Reverse Voltage"; Value = "3V"; VariantName = "[No Variations]"
Add component (AddParameter): Name = "RoHS"; Value = "Compliant"; VariantName = "[No Variations]"
Add component (AddParameter): Name = "Test Current"; Value = "20mA"; VariantName = "[No Variations]"
Add component (AddParameter): Name = "Tolerance"; Value = "5%"; VariantName = "[No Variations]"
Add component (AddParameter): Name = "Voltage Rating (DC)"; Value = "5.6V"; VariantName = "[No Variations]"
Add component (AddParameter): Name = "Voltage Tolerance"; Value = "5%"; VariantName = "[No Variations]"
Add component (AddParameter): Name = "Weight"; Value = "30mg"; VariantName = "[No Variations]"
Add component (AddParameter): Name = "Width"; Value = "1.8mm"; VariantName = "[No Variations]"
Add component (AddParameter): Name = "Working Voltage"; Value = "5.6V"; VariantName = "[No Variations]"
Add component (AddParameter): Name = "Zener Current"; Value = "20mA"; VariantName = "[No Variations]"
Add component (AddParameter): Name = "Zener Voltage"; Value = "5.6V"; VariantName = "[No Variations]"
Add component: Footprint Not Found RESC2013X70X40ML20T20
Add component: Footprint Not Found RESC2013X70X40ML20T20
Added Component: Designator=DEBUG_1(TECO-FSMSMTR_V)
Add component (AddParameter): Name = "Actuator Length"; Value = "1.07mm"; VariantName = "[No Variations]"
Add component (AddParameter): Name = "Actuator Material"; Value = "Polyamide"; VariantName = "[No Variations]"
Add component (AddParameter): Name = "Case\/Package"; Value = "SMD/SMT"; VariantName = "[No Variations]"
Add component (AddParameter): Name = "Contact Current Rating"; Value = "50mA"; VariantName = "[No Variations]"
Add component (AddParameter): Name = "Contact Material"; Value = "Brass"; VariantName = "[No Variations]"
Add component (AddParameter): Name = "Contact Plating"; Value = "Silver"; VariantName = "[No Variations]"
Add component (AddParameter): Name = "Contact Resistance"; Value = "100mOhm"; VariantName = "[No Variations]"
Add component (AddParameter): Name = "Current Rating"; Value = "50mA"; VariantName = "[No Variations]"
Add component (AddParameter): Name = "Datasheet URL"; Value = "http://www.te.com/commerce/DocumentDelivery/DDEController?Action=showdoc&DocId=Customer+Drawing%7F1437566-3%7FC2%7Fpdf%7FEnglish%7FENG_CD_1437566-3_C2_1437566_3_1_c.dwg.pdf%7F1437566-4"; VariantName = "[No Variations]"
Add component (AddParameter): Name = "Datasheet Version"; Value = "Rev. C2, 08/2014"; VariantName = "[No Variations]"
Add component (AddParameter): Name = "Electrical Life"; Value = "20000Cycles"; VariantName = "[No Variations]"
Add component (AddParameter): Name = "ELV"; Value = "Compliant"; VariantName = "[No Variations]"
Add component (AddParameter): Name = "Illumination Type"; Value = "Illuminated"; VariantName = "[No Variations]"
Add component (AddParameter): Name = "Lead Free"; Value = "LeadFree"; VariantName = "[No Variations]"
Add component (AddParameter): Name = "Manufacturer"; Value = "TE Connectivity"; VariantName = "[No Variations]"
Add component (AddParameter): Name = "Manufacturer URL"; Value = "http://www.te.com/"; VariantName = "[No Variations]"
Add component (AddParameter): Name = "Max Operating Temperature"; Value = "85degC"; VariantName = "[No Variations]"
Add component (AddParameter): Name = "Max Voltage Rating (DC)"; Value = "12V"; VariantName = "[No Variations]"
Add component (AddParameter): Name = "Mechanical Life"; Value = "20000Cycles"; VariantName = "[No Variations]"
Add component (AddParameter): Name = "Min Operating Temperature"; Value = "-35degC"; VariantName = "[No Variations]"
Add component (AddParameter): Name = "Mount"; Value = "SurfaceMount"; VariantName = "[No Variations]"
Add component (AddParameter): Name = "Mounting Technology"; Value = "SurfaceMount"; VariantName = "[No Variations]"
Add component (AddParameter): Name = "Operating Force"; Value = "180gf"; VariantName = "[No Variations]"
Add component (AddParameter): Name = "Orientation"; Value = "Straight"; VariantName = "[No Variations]"
Add component (AddParameter): Name = "Package Description"; Value = "2-Pin Surface Mount Device, Body 6 x 3.5 mm, Pitch 9.19 mm"; VariantName = "[No Variations]"
Add component (AddParameter): Name = "Package Quantity"; Value = "1800"; VariantName = "[No Variations]"
Add component (AddParameter): Name = "Package Reference"; Value = "FSMSMTR"; VariantName = "[No Variations]"
Add component (AddParameter): Name = "Packaging"; Value = "TapeandReel"; VariantName = "[No Variations]"
Add component (AddParameter): Name = "REACH SVHC"; Value = "Unknown"; VariantName = "[No Variations]"
Add component (AddParameter): Name = "RoHSCompliant"; Value = "true"; VariantName = "[No Variations]"
Add component (AddParameter): Name = "Switch Travel"; Value = "0.25mm"; VariantName = "[No Variations]"
Add component (AddParameter): Name = "Termination"; Value = "GullWing"; VariantName = "[No Variations]"
Add component (AddParameter): Name = "Throw Configuration"; Value = "SPST"; VariantName = "[No Variations]"
Add component (AddParameter): Name = "Voltage Rating (DC)"; Value = "24V"; VariantName = "[No Variations]"
Added Component: Designator=DEBUG_2(TECO-FSMSMTR_V)
Add component (AddParameter): Name = "Actuator Length"; Value = "1.07mm"; VariantName = "[No Variations]"
Add component (AddParameter): Name = "Actuator Material"; Value = "Polyamide"; VariantName = "[No Variations]"
Add component (AddParameter): Name = "Case\/Package"; Value = "SMD/SMT"; VariantName = "[No Variations]"
Add component (AddParameter): Name = "Contact Current Rating"; Value = "50mA"; VariantName = "[No Variations]"
Add component (AddParameter): Name = "Contact Material"; Value = "Brass"; VariantName = "[No Variations]"
Add component (AddParameter): Name = "Contact Plating"; Value = "Silver"; VariantName = "[No Variations]"
Add component (AddParameter): Name = "Contact Resistance"; Value = "100mOhm"; VariantName = "[No Variations]"
Add component (AddParameter): Name = "Current Rating"; Value = "50mA"; VariantName = "[No Variations]"
Add component (AddParameter): Name = "Datasheet URL"; Value = "http://www.te.com/commerce/DocumentDelivery/DDEController?Action=showdoc&DocId=Customer+Drawing%7F1437566-3%7FC2%7Fpdf%7FEnglish%7FENG_CD_1437566-3_C2_1437566_3_1_c.dwg.pdf%7F1437566-4"; VariantName = "[No Variations]"
Add component (AddParameter): Name = "Datasheet Version"; Value = "Rev. C2, 08/2014"; VariantName = "[No Variations]"
Add component (AddParameter): Name = "Electrical Life"; Value = "20000Cycles"; VariantName = "[No Variations]"
Add component (AddParameter): Name = "ELV"; Value = "Compliant"; VariantName = "[No Variations]"
Add component (AddParameter): Name = "Illumination Type"; Value = "Illuminated"; VariantName = "[No Variations]"
Add component (AddParameter): Name = "Lead Free"; Value = "LeadFree"; VariantName = "[No Variations]"
Add component (AddParameter): Name = "Manufacturer"; Value = "TE Connectivity"; VariantName = "[No Variations]"
Add component (AddParameter): Name = "Manufacturer URL"; Value = "http://www.te.com/"; VariantName = "[No Variations]"
Add component (AddParameter): Name = "Max Operating Temperature"; Value = "85degC"; VariantName = "[No Variations]"
Add component (AddParameter): Name = "Max Voltage Rating (DC)"; Value = "12V"; VariantName = "[No Variations]"
Add component (AddParameter): Name = "Mechanical Life"; Value = "20000Cycles"; VariantName = "[No Variations]"
Add component (AddParameter): Name = "Min Operating Temperature"; Value = "-35degC"; VariantName = "[No Variations]"
Add component (AddParameter): Name = "Mount"; Value = "SurfaceMount"; VariantName = "[No Variations]"
Add component (AddParameter): Name = "Mounting Technology"; Value = "SurfaceMount"; VariantName = "[No Variations]"
Add component (AddParameter): Name = "Operating Force"; Value = "180gf"; VariantName = "[No Variations]"
Add component (AddParameter): Name = "Orientation"; Value = "Straight"; VariantName = "[No Variations]"
Add component (AddParameter): Name = "Package Description"; Value = "2-Pin Surface Mount Device, Body 6 x 3.5 mm, Pitch 9.19 mm"; VariantName = "[No Variations]"
Add component (AddParameter): Name = "Package Quantity"; Value = "1800"; VariantName = "[No Variations]"
Add component (AddParameter): Name = "Package Reference"; Value = "FSMSMTR"; VariantName = "[No Variations]"
Add component (AddParameter): Name = "Packaging"; Value = "TapeandReel"; VariantName = "[No Variations]"
Add component (AddParameter): Name = "REACH SVHC"; Value = "Unknown"; VariantName = "[No Variations]"
Add component (AddParameter): Name = "RoHSCompliant"; Value = "true"; VariantName = "[No Variations]"
Add component (AddParameter): Name = "Switch Travel"; Value = "0.25mm"; VariantName = "[No Variations]"
Add component (AddParameter): Name = "Termination"; Value = "GullWing"; VariantName = "[No Variations]"
Add component (AddParameter): Name = "Throw Configuration"; Value = "SPST"; VariantName = "[No Variations]"
Add component (AddParameter): Name = "Voltage Rating (DC)"; Value = "24V"; VariantName = "[No Variations]"
Add component: Footprint Not Found SAMTEC_TSW-102-07-G-S
Add component: Footprint Not Found SAMTEC_TSW-102-07-G-S
Added Component: Designator=J3(SAMTEC_TSW-104-06-L-S)
Add component (AddParameter): Name = "Availability"; Value = "Unavailable"; VariantName = "[No Variations]"
Add component (AddParameter): Name = "Component Type"; Value = "Standard"; VariantName = "[No Variations]"
Add component (AddParameter): Name = "Design Item ID"; Value = "TSW-104-06-L-S"; VariantName = "[No Variations]"
Add component (AddParameter): Name = "MP"; Value = "TSW-104-06-L-S"; VariantName = "[No Variations]"
Add component (AddParameter): Name = "Package"; Value = "None"; VariantName = "[No Variations]"
Add component (AddParameter): Name = "Pin Count"; Value = "4"; VariantName = "[No Variations]"
Add component (AddParameter): Name = "Price"; Value = "None"; VariantName = "[No Variations]"
Add component (AddParameter): Name = "Source"; Value = "TSW-104-06-L-S.SchLib"; VariantName = "[No Variations]"
Add component (AddParameter): Name = "Value"; Value = ""; VariantName = "[No Variations]"
Added Component: Designator=L1(FP-CB2012-IPC_C)
Add component (AddParameter): Name = "Case Code (Imperial)"; Value = "0805"; VariantName = "[No Variations]"
Add component (AddParameter): Name = "Case Code (Metric)"; Value = "2012"; VariantName = "[No Variations]"
Add component (AddParameter): Name = "Case/Package"; Value = "0805"; VariantName = "[No Variations]"
Add component (AddParameter): Name = "Core Material"; Value = "Ferrite"; VariantName = "[No Variations]"
Add component (AddParameter): Name = "Current Rating"; Value = "340mA"; VariantName = "[No Variations]"
Add component (AddParameter): Name = "DC Resistance (DCR)"; Value = "1.56R"; VariantName = "[No Variations]"
Add component (AddParameter): Name = "Depth"; Value = "1.25mm"; VariantName = "[No Variations]"
Add component (AddParameter): Name = "Halogen Free"; Value = "Halogen Free"; VariantName = "[No Variations]"
Add component (AddParameter): Name = "Height"; Value = "1.25mm"; VariantName = "[No Variations]"
Add component (AddParameter): Name = "Height - Seated (Max)"; Value = "0.057inch"; VariantName = "[No Variations]"
Add component (AddParameter): Name = "Inductance"; Value = "10uH"; VariantName = "[No Variations]"
Add component (AddParameter): Name = "Inductance Tolerance"; Value = "20%"; VariantName = "[No Variations]"
Add component (AddParameter): Name = "Inductor Type"; Value = "POWER"; VariantName = "[No Variations]"
Add component (AddParameter): Name = "Lead Free"; Value = "Exempt"; VariantName = "[No Variations]"
Add component (AddParameter): Name = "Length"; Value = "2mm"; VariantName = "[No Variations]"
Add component (AddParameter): Name = "Max DC Current"; Value = "240mA"; VariantName = "[No Variations]"
Add component (AddParameter): Name = "Max Operating Temperature"; Value = "105°C"; VariantName = "[No Variations]"
Add component (AddParameter): Name = "Min Operating Temperature"; Value = "-40°C"; VariantName = "[No Variations]"
Add component (AddParameter): Name = "Mount"; Value = "Surface Mount"; VariantName = "[No Variations]"
Add component (AddParameter): Name = "Number of Pins"; Value = "2"; VariantName = "[No Variations]"
Add component (AddParameter): Name = "Package Quantity"; Value = "3000"; VariantName = "[No Variations]"
Add component (AddParameter): Name = "Packaging"; Value = "Tape and Reel"; VariantName = "[No Variations]"
Add component (AddParameter): Name = "REACH SVHC"; Value = "No SVHC"; VariantName = "[No Variations]"
Add component (AddParameter): Name = "Resistor Type"; Value = "Wirewound"; VariantName = "[No Variations]"
Add component (AddParameter): Name = "RoHS Compliant"; Value = "Yes"; VariantName = "[No Variations]"
Add component (AddParameter): Name = "Saturation Current"; Value = "240mA"; VariantName = "[No Variations]"
Add component (AddParameter): Name = "Self Resonant Frequency"; Value = "40MHz"; VariantName = "[No Variations]"
Add component (AddParameter): Name = "Series"; Value = "CBC"; VariantName = "[No Variations]"
Add component (AddParameter): Name = "Shielding"; Value = "Unshielded"; VariantName = "[No Variations]"
Add component (AddParameter): Name = "Termination"; Value = "SMD/SMT"; VariantName = "[No Variations]"
Add component (AddParameter): Name = "Test Frequency"; Value = "2.52MHz"; VariantName = "[No Variations]"
Add component (AddParameter): Name = "Tolerance"; Value = "20%"; VariantName = "[No Variations]"
Add component (AddParameter): Name = "Width"; Value = "0.049inch"; VariantName = "[No Variations]"
Added Component: Designator=L3(WE-TPC_5818)
Add component (AddParameter): Name = "Ambient Temperature Range High"; Value = "95°C"; VariantName = "[No Variations]"
Add component (AddParameter): Name = "Ambient Temperature Range Low"; Value = "-40°C"; VariantName = "[No Variations]"
Add component (AddParameter): Name = "Case Code (Imperial)"; Value = "2323"; VariantName = "[No Variations]"
Add component (AddParameter): Name = "Case Code (Metric)"; Value = "5858"; VariantName = "[No Variations]"
Add component (AddParameter): Name = "Case/Package"; Value = "2323"; VariantName = "[No Variations]"
Add component (AddParameter): Name = "Composition"; Value = "Wirewound"; VariantName = "[No Variations]"
Add component (AddParameter): Name = "Core Material"; Value = "Ferrite"; VariantName = "[No Variations]"
Add component (AddParameter): Name = "Current Rating"; Value = "1.45A"; VariantName = "[No Variations]"
Add component (AddParameter): Name = "DC Resistance (DCR)"; Value = "70mO"; VariantName = "[No Variations]"
Add component (AddParameter): Name = "Depth"; Value = "5.8mm"; VariantName = "[No Variations]"
Add component (AddParameter): Name = "Height"; Value = "1.8mm"; VariantName = "[No Variations]"
Add component (AddParameter): Name = "Height - Seated (Max)"; Value = "2.0066mm"; VariantName = "[No Variations]"
Add component (AddParameter): Name = "Inductance"; Value = "6.2µH"; VariantName = "[No Variations]"
Add component (AddParameter): Name = "Inductance Tolerance"; Value = "30%"; VariantName = "[No Variations]"
Add component (AddParameter): Name = "Length"; Value = "5.8mm"; VariantName = "[No Variations]"
Add component (AddParameter): Name = "Max DC Current"; Value = "1.45A"; VariantName = "[No Variations]"
Add component (AddParameter): Name = "Max Operating Temperature"; Value = "125°C"; VariantName = "[No Variations]"
Add component (AddParameter): Name = "Min Operating Temperature"; Value = "-40°C"; VariantName = "[No Variations]"
Add component (AddParameter): Name = "Mount"; Value = "Surface Mount"; VariantName = "[No Variations]"
Add component (AddParameter): Name = "NexarPartId"; Value = "22866864"; VariantName = "[No Variations]"
Add component (AddParameter): Name = "Number of Pins"; Value = "2"; VariantName = "[No Variations]"
Add component (AddParameter): Name = "Packaging"; Value = "Cut Tape (CT)"; VariantName = "[No Variations]"
Add component (AddParameter): Name = "REACH SVHC"; Value = "Unknown"; VariantName = "[No Variations]"
Add component (AddParameter): Name = "RMS Current (Irms)"; Value = "1.45A"; VariantName = "[No Variations]"
Add component (AddParameter): Name = "RoHS"; Value = "Compliant"; VariantName = "[No Variations]"
Add component (AddParameter): Name = "Saturation Current"; Value = "1.6A"; VariantName = "[No Variations]"
Add component (AddParameter): Name = "Self Resonant Frequency"; Value = "45MHz"; VariantName = "[No Variations]"
Add component (AddParameter): Name = "Shielding"; Value = "Shielded"; VariantName = "[No Variations]"
Add component (AddParameter): Name = "Termination"; Value = "SMD/SMT"; VariantName = "[No Variations]"
Add component (AddParameter): Name = "Test Frequency"; Value = "100kHz"; VariantName = "[No Variations]"
Add component (AddParameter): Name = "Tolerance"; Value = "30%"; VariantName = "[No Variations]"
Add component (AddParameter): Name = "Weight"; Value = "248.001628mg"; VariantName = "[No Variations]"
Add component (AddParameter): Name = "Width"; Value = "5.8mm"; VariantName = "[No Variations]"
Added Component: Designator=LED_TX(FP-LTST-C190GKT-MFG)
Add component (AddParameter): Name = "Case Code (Imperial)"; Value = "0603"; VariantName = "[No Variations]"
Add component (AddParameter): Name = "Case Code (Metric)"; Value = "1608"; VariantName = "[No Variations]"
Add component (AddParameter): Name = "Case/Package"; Value = "0603"; VariantName = "[No Variations]"
Add component (AddParameter): Name = "Color"; Value = "Green"; VariantName = "[No Variations]"
Add component (AddParameter): Name = "Depth"; Value = "0.8mm"; VariantName = "[No Variations]"
Add component (AddParameter): Name = "Dominant Wavelength"; Value = "569nm"; VariantName = "[No Variations]"
Add component (AddParameter): Name = "Forward Current"; Value = "30mA"; VariantName = "[No Variations]"
Add component (AddParameter): Name = "Forward Voltage"; Value = "2.1V"; VariantName = "[No Variations]"
Add component (AddParameter): Name = "Height"; Value = "0.8mm"; VariantName = "[No Variations]"
Add component (AddParameter): Name = "Illumination Color"; Value = "Green"; VariantName = "[No Variations]"
Add component (AddParameter): Name = "Lead Free"; Value = "Lead Free"; VariantName = "[No Variations]"
Add component (AddParameter): Name = "Length"; Value = "1.6mm"; VariantName = "[No Variations]"
Add component (AddParameter): Name = "Lens Color"; Value = "Colorless"; VariantName = "[No Variations]"
Add component (AddParameter): Name = "Lens Style"; Value = "Clear"; VariantName = "[No Variations]"
Add component (AddParameter): Name = "Lens Transparency"; Value = "Clear"; VariantName = "[No Variations]"
Add component (AddParameter): Name = "Luminous Intensity"; Value = "6mcd"; VariantName = "[No Variations]"
Add component (AddParameter): Name = "Max Operating Temperature"; Value = "85°C"; VariantName = "[No Variations]"
Add component (AddParameter): Name = "Min Operating Temperature"; Value = "-55°C"; VariantName = "[No Variations]"
Add component (AddParameter): Name = "Mount"; Value = "Surface Mount"; VariantName = "[No Variations]"
Add component (AddParameter): Name = "Number of Elements"; Value = "1"; VariantName = "[No Variations]"
Add component (AddParameter): Name = "Number of LEDs"; Value = "1"; VariantName = "[No Variations]"
Add component (AddParameter): Name = "Number of Pins"; Value = "2"; VariantName = "[No Variations]"
Add component (AddParameter): Name = "Package Quantity"; Value = "1"; VariantName = "[No Variations]"
Add component (AddParameter): Name = "Packaging"; Value = "Tape and Reel"; VariantName = "[No Variations]"
Add component (AddParameter): Name = "Power Dissipation"; Value = "100mW"; VariantName = "[No Variations]"
Add component (AddParameter): Name = "Power Rating"; Value = "100mW"; VariantName = "[No Variations]"
Add component (AddParameter): Name = "Radiation Hardening"; Value = "No"; VariantName = "[No Variations]"
Add component (AddParameter): Name = "Reverse Voltage"; Value = "5V"; VariantName = "[No Variations]"
Add component (AddParameter): Name = "Test Current"; Value = "10mA"; VariantName = "[No Variations]"
Add component (AddParameter): Name = "Viewing Angle"; Value = "130°"; VariantName = "[No Variations]"
Add component (AddParameter): Name = "Voltage"; Value = "2V"; VariantName = "[No Variations]"
Add component (AddParameter): Name = "Wavelength"; Value = "565nm"; VariantName = "[No Variations]"
Add component (AddParameter): Name = "Width"; Value = "0.8mm"; VariantName = "[No Variations]"
Add component: Footprint Not Found RESC2013X70X40ML20T20
Add component: Footprint Not Found RESC2013X70X40ML20T20
Add component: Footprint Not Found RESC2013X70X40ML20T20
Add component: Footprint Not Found RESC2013X70X40ML20T20
Added Component: Designator=LS1(FP-MCKPX-G1203A-K4056-MFG)
Add component (AddParameter): Name = "Automotive"; Value = "No"; VariantName = "[No Variations]"
Add component (AddParameter): Name = "Category"; Value = "Speak"; VariantName = "[No Variations]"
Add component (AddParameter): Name = "ComponentLink2Description"; Value = "Datasheet"; VariantName = "[No Variations]"
Add component (AddParameter): Name = "ComponentLink2URL"; Value = "http://www.farnell.com/datasheets/1498149.pdf?_ga=2.17855225.1157923166.1572356775-536200964.1569240579"; VariantName = "[No Variations]"
Add component (AddParameter): Name = "Current"; Value = "30mA"; VariantName = "[No Variations]"
Add component (AddParameter): Name = "Device Class L1"; Value = "Electromechanical"; VariantName = "[No Variations]"
Add component (AddParameter): Name = "Device Class L2"; Value = "Audio Products"; VariantName = "[No Variations]"
Add component (AddParameter): Name = "Device Class L3"; Value = "Buzzers"; VariantName = "[No Variations]"
Add component (AddParameter): Name = "Frequency"; Value = "2300Hz"; VariantName = "[No Variations]"
Add component (AddParameter): Name = "Height"; Value = "9.5mm"; VariantName = "[No Variations]"
Add component (AddParameter): Name = "Lead Free"; Value = "Yes"; VariantName = "[No Variations]"
Add component (AddParameter): Name = "Manufacturer"; Value = "Multicomp Pro"; VariantName = "[No Variations]"
Add component (AddParameter): Name = "Manufacturer Part Number"; Value = "MCKPX-G1203A-K4056"; VariantName = "[No Variations]"
Add component (AddParameter): Name = "Max Supply Voltage"; Value = "5V"; VariantName = "[No Variations]"
Add component (AddParameter): Name = "Min Supply Voltage"; Value = "2V"; VariantName = "[No Variations]"
Add component (AddParameter): Name = "Octopart"; Value = "https://octopart.com/mckpx-g1203a-k4056-multicomp-12157154"; VariantName = "[No Variations]"
Add component (AddParameter): Name = "Operating Supply Voltage"; Value = "3V"; VariantName = "[No Variations]"
Add component (AddParameter): Name = "Package"; Value = "0"; VariantName = "[No Variations]"
Add component (AddParameter): Name = "RoHS"; Value = "TRUE"; VariantName = "[No Variations]"
Add component (AddParameter): Name = "Standoff Height"; Value = "0.5mm"; VariantName = "[No Variations]"
Add component (AddParameter): Name = "Temperature"; Value = "-20°C to +70°C"; VariantName = "[No Variations]"
Add component (AddParameter): Name = "Temperature Range High"; Value = "+70°C"; VariantName = "[No Variations]"
Add component (AddParameter): Name = "Temperature Range Low"; Value = "-20°C"; VariantName = "[No Variations]"
Added Component: Designator=P0(SAMTEC_TSW-104-06-L-S)
Add component (AddParameter): Name = "Availability"; Value = "Unavailable"; VariantName = "[No Variations]"
Add component (AddParameter): Name = "Component Type"; Value = "Standard"; VariantName = "[No Variations]"
Add component (AddParameter): Name = "Design Item ID"; Value = "TSW-104-06-L-S"; VariantName = "[No Variations]"
Add component (AddParameter): Name = "MP"; Value = "TSW-104-06-L-S"; VariantName = "[No Variations]"
Add component (AddParameter): Name = "Package"; Value = "None"; VariantName = "[No Variations]"
Add component (AddParameter): Name = "Pin Count"; Value = "4"; VariantName = "[No Variations]"
Add component (AddParameter): Name = "Price"; Value = "None"; VariantName = "[No Variations]"
Add component (AddParameter): Name = "Source"; Value = "TSW-104-06-L-S.SchLib"; VariantName = "[No Variations]"
Add component (AddParameter): Name = "Value"; Value = ""; VariantName = "[No Variations]"
Added Component: Designator=P1(61300411121)
Add component (AddParameter): Name = "Color"; Value = "Black"; VariantName = "[No Variations]"
Add component (AddParameter): Name = "Connector Type"; Value = "Male Pin"; VariantName = "[No Variations]"
Add component (AddParameter): Name = "Contact Material"; Value = "Copper"; VariantName = "[No Variations]"
Add component (AddParameter): Name = "Contact Mating Length"; Value = "5.9944mm"; VariantName = "[No Variations]"
Add component (AddParameter): Name = "Contact Plating"; Value = "Gold"; VariantName = "[No Variations]"
Add component (AddParameter): Name = "Contact Resistance"; Value = "20mO"; VariantName = "[No Variations]"
Add component (AddParameter): Name = "Current Rating"; Value = "3A"; VariantName = "[No Variations]"
Add component (AddParameter): Name = "Gender"; Value = "Male"; VariantName = "[No Variations]"
Add component (AddParameter): Name = "Height"; Value = "8.89mm"; VariantName = "[No Variations]"
Add component (AddParameter): Name = "Lead Free"; Value = "Lead Free"; VariantName = "[No Variations]"
Add component (AddParameter): Name = "Lead Pitch"; Value = "2.54mm"; VariantName = "[No Variations]"
Add component (AddParameter): Name = "Max Operating Temperature"; Value = "105°C"; VariantName = "[No Variations]"
Add component (AddParameter): Name = "Min Operating Temperature"; Value = "-40°C"; VariantName = "[No Variations]"
Add component (AddParameter): Name = "Mount"; Value = "Through Hole"; VariantName = "[No Variations]"
Add component (AddParameter): Name = "NexarPartId"; Value = "32855522"; VariantName = "[No Variations]"
Add component (AddParameter): Name = "Number of Contacts"; Value = "4"; VariantName = "[No Variations]"
Add component (AddParameter): Name = "Number of Pins"; Value = "4"; VariantName = "[No Variations]"
Add component (AddParameter): Name = "Number of Positions"; Value = "4"; VariantName = "[No Variations]"
Add component (AddParameter): Name = "Number of Rows"; Value = "1"; VariantName = "[No Variations]"
Add component (AddParameter): Name = "Operating Supply Voltage"; Value = "250V"; VariantName = "[No Variations]"
Add component (AddParameter): Name = "Orientation"; Value = "Vertical"; VariantName = "[No Variations]"
Add component (AddParameter): Name = "Packaging"; Value = "Bulk"; VariantName = "[No Variations]"
Add component (AddParameter): Name = "Pitch"; Value = "2.54mm"; VariantName = "[No Variations]"
Add component (AddParameter): Name = "REACH SVHC"; Value = "Unknown"; VariantName = "[No Variations]"
Add component (AddParameter): Name = "RoHS"; Value = "Compliant"; VariantName = "[No Variations]"
Add component (AddParameter): Name = "Termination"; Value = "Solder"; VariantName = "[No Variations]"
Add component (AddParameter): Name = "Voltage Rating"; Value = "250V"; VariantName = "[No Variations]"
Added Component: Designator=P3(61300211121)
Add component (AddParameter): Name = "Color"; Value = "Black"; VariantName = "[No Variations]"
Add component (AddParameter): Name = "Connector Type"; Value = "Male Pin"; VariantName = "[No Variations]"
Add component (AddParameter): Name = "Contact Gender"; Value = "Male"; VariantName = "[No Variations]"
Add component (AddParameter): Name = "Contact Material"; Value = "Copper"; VariantName = "[No Variations]"
Add component (AddParameter): Name = "Contact Mating Length"; Value = "5.9944mm"; VariantName = "[No Variations]"
Add component (AddParameter): Name = "Contact Plating"; Value = "Gold"; VariantName = "[No Variations]"
Add component (AddParameter): Name = "Contact Resistance"; Value = "20mO"; VariantName = "[No Variations]"
Add component (AddParameter): Name = "Current Rating"; Value = "3A"; VariantName = "[No Variations]"
Add component (AddParameter): Name = "Gender"; Value = "Male"; VariantName = "[No Variations]"
Add component (AddParameter): Name = "Height"; Value = "8.94mm"; VariantName = "[No Variations]"
Add component (AddParameter): Name = "Housing Material"; Value = "PBT"; VariantName = "[No Variations]"
Add component (AddParameter): Name = "Lead Free"; Value = "Lead Free"; VariantName = "[No Variations]"
Add component (AddParameter): Name = "Lead Pitch"; Value = "2.54mm"; VariantName = "[No Variations]"
Add component (AddParameter): Name = "Max Operating Temperature"; Value = "125°C"; VariantName = "[No Variations]"
Add component (AddParameter): Name = "Min Operating Temperature"; Value = "-40°C"; VariantName = "[No Variations]"
Add component (AddParameter): Name = "Mount"; Value = "Through Hole"; VariantName = "[No Variations]"
Add component (AddParameter): Name = "NexarPartId"; Value = "20081794"; VariantName = "[No Variations]"
Add component (AddParameter): Name = "Number of Contacts"; Value = "2"; VariantName = "[No Variations]"
Add component (AddParameter): Name = "Number of Pins"; Value = "2"; VariantName = "[No Variations]"
Add component (AddParameter): Name = "Number of Positions"; Value = "2"; VariantName = "[No Variations]"
Add component (AddParameter): Name = "Number of Rows"; Value = "1"; VariantName = "[No Variations]"
Add component (AddParameter): Name = "Operating Supply Voltage"; Value = "250V"; VariantName = "[No Variations]"
Add component (AddParameter): Name = "Orientation"; Value = "Vertical"; VariantName = "[No Variations]"
Add component (AddParameter): Name = "Packaging"; Value = "Bulk"; VariantName = "[No Variations]"
Add component (AddParameter): Name = "Pitch"; Value = "2.54mm"; VariantName = "[No Variations]"
Add component (AddParameter): Name = "REACH SVHC"; Value = "No SVHC"; VariantName = "[No Variations]"
Add component (AddParameter): Name = "RoHS"; Value = "Compliant"; VariantName = "[No Variations]"
Add component (AddParameter): Name = "Termination"; Value = "Through Hole"; VariantName = "[No Variations]"
Add component (AddParameter): Name = "Voltage Rating"; Value = "250V"; VariantName = "[No Variations]"
Added Component: Designator=Q1(FAIR-SSOT3L-3_V)
Add component (AddParameter): Name = "Category"; Value = "MOSFET"; VariantName = "[No Variations]"
Add component (AddParameter): Name = "Channel Mode"; Value = "Enhancement"; VariantName = "[No Variations]"
Add component (AddParameter): Name = "Channel Type"; Value = "N"; VariantName = "[No Variations]"
Add component (AddParameter): Name = "Datasheet URL"; Value = "https://www.fairchildsemi.com/datasheets/FD/FDN335N.pdf"; VariantName = "[No Variations]"
Add component (AddParameter): Name = "Datasheet Version"; Value = "Rev. C, 04/1999"; VariantName = "[No Variations]"
Add component (AddParameter): Name = "Manufacturer"; Value = "FairchildSemiconductor"; VariantName = "[No Variations]"
Add component (AddParameter): Name = "Manufacturer URL"; Value = "https://www.fairchildsemi.com/"; VariantName = "[No Variations]"
Add component (AddParameter): Name = "Maximum Continuous Drain Current"; Value = "1.7A"; VariantName = "[No Variations]"
Add component (AddParameter): Name = "Maximum Drain Source Voltage"; Value = "20V"; VariantName = "[No Variations]"
Add component (AddParameter): Name = "Maximum Gate Source Voltage"; Value = "±8V"; VariantName = "[No Variations]"
Add component (AddParameter): Name = "Mounting"; Value = "SurfaceMount"; VariantName = "[No Variations]"
Add component (AddParameter): Name = "Mounting Technology"; Value = "SurfaceMount"; VariantName = "[No Variations]"
Add component (AddParameter): Name = "Operating Temperature"; Value = "-55to150°C"; VariantName = "[No Variations]"
Add component (AddParameter): Name = "Package"; Value = "3SuperSOT"; VariantName = "[No Variations]"
Add component (AddParameter): Name = "Package Description"; Value = "3-Pin Small Outline Transistor, Body 2.92 x 1.4 mm, Pitch 0.95 mm"; VariantName = "[No Variations]"
Add component (AddParameter): Name = "Package Reference"; Value = "SSOT3L"; VariantName = "[No Variations]"
Add component (AddParameter): Name = "Package URL"; Value = "https://www.fairchildsemi.com/package-drawings/MA/MA03B.pdf"; VariantName = "[No Variations]"
Add component (AddParameter): Name = "Package Version"; Value = "Rev. 3, 05/2015"; VariantName = "[No Variations]"
Add component (AddParameter): Name = "Packaging"; Value = "Tape&Reel"; VariantName = "[No Variations]"
Add component (AddParameter): Name = "Rad Hard"; Value = "No"; VariantName = "[No Variations]"
Add component (AddParameter): Name = "RDS-on"; Value = "0.07@4.5VOhm"; VariantName = "[No Variations]"
Add component (AddParameter): Name = "Typical Fall Time"; Value = "3ns"; VariantName = "[No Variations]"
Add component (AddParameter): Name = "Typical Rise Time"; Value = "8.5ns"; VariantName = "[No Variations]"
Add component (AddParameter): Name = "Typical Turn-Off Delay Time"; Value = "11ns"; VariantName = "[No Variations]"
Add component (AddParameter): Name = "Typical Turn-On Delay Time"; Value = "5ns"; VariantName = "[No Variations]"
Added Component: Designator=Q2(FAIR-SSOT3L-3_V)
Add component (AddParameter): Name = "Category"; Value = "MOSFET"; VariantName = "[No Variations]"
Add component (AddParameter): Name = "Channel Mode"; Value = "Enhancement"; VariantName = "[No Variations]"
Add component (AddParameter): Name = "Channel Type"; Value = "N"; VariantName = "[No Variations]"
Add component (AddParameter): Name = "Datasheet URL"; Value = "https://www.fairchildsemi.com/datasheets/FD/FDN335N.pdf"; VariantName = "[No Variations]"
Add component (AddParameter): Name = "Datasheet Version"; Value = "Rev. C, 04/1999"; VariantName = "[No Variations]"
Add component (AddParameter): Name = "Manufacturer"; Value = "FairchildSemiconductor"; VariantName = "[No Variations]"
Add component (AddParameter): Name = "Manufacturer URL"; Value = "https://www.fairchildsemi.com/"; VariantName = "[No Variations]"
Add component (AddParameter): Name = "Maximum Continuous Drain Current"; Value = "1.7A"; VariantName = "[No Variations]"
Add component (AddParameter): Name = "Maximum Drain Source Voltage"; Value = "20V"; VariantName = "[No Variations]"
Add component (AddParameter): Name = "Maximum Gate Source Voltage"; Value = "±8V"; VariantName = "[No Variations]"
Add component (AddParameter): Name = "Mounting"; Value = "SurfaceMount"; VariantName = "[No Variations]"
Add component (AddParameter): Name = "Mounting Technology"; Value = "SurfaceMount"; VariantName = "[No Variations]"
Add component (AddParameter): Name = "Operating Temperature"; Value = "-55to150°C"; VariantName = "[No Variations]"
Add component (AddParameter): Name = "Package"; Value = "3SuperSOT"; VariantName = "[No Variations]"
Add component (AddParameter): Name = "Package Description"; Value = "3-Pin Small Outline Transistor, Body 2.92 x 1.4 mm, Pitch 0.95 mm"; VariantName = "[No Variations]"
Add component (AddParameter): Name = "Package Reference"; Value = "SSOT3L"; VariantName = "[No Variations]"
Add component (AddParameter): Name = "Package URL"; Value = "https://www.fairchildsemi.com/package-drawings/MA/MA03B.pdf"; VariantName = "[No Variations]"
Add component (AddParameter): Name = "Package Version"; Value = "Rev. 3, 05/2015"; VariantName = "[No Variations]"
Add component (AddParameter): Name = "Packaging"; Value = "Tape&Reel"; VariantName = "[No Variations]"
Add component (AddParameter): Name = "Rad Hard"; Value = "No"; VariantName = "[No Variations]"
Add component (AddParameter): Name = "RDS-on"; Value = "0.07@4.5VOhm"; VariantName = "[No Variations]"
Add component (AddParameter): Name = "Typical Fall Time"; Value = "3ns"; VariantName = "[No Variations]"
Add component (AddParameter): Name = "Typical Rise Time"; Value = "8.5ns"; VariantName = "[No Variations]"
Add component (AddParameter): Name = "Typical Turn-Off Delay Time"; Value = "11ns"; VariantName = "[No Variations]"
Add component (AddParameter): Name = "Typical Turn-On Delay Time"; Value = "5ns"; VariantName = "[No Variations]"
Added Component: Designator=Q3(FAIR-SSOT3L-3_V)
Add component (AddParameter): Name = "Category"; Value = "MOSFET"; VariantName = "[No Variations]"
Add component (AddParameter): Name = "Channel Mode"; Value = "Enhancement"; VariantName = "[No Variations]"
Add component (AddParameter): Name = "Channel Type"; Value = "N"; VariantName = "[No Variations]"
Add component (AddParameter): Name = "Datasheet URL"; Value = "https://www.fairchildsemi.com/datasheets/FD/FDN335N.pdf"; VariantName = "[No Variations]"
Add component (AddParameter): Name = "Datasheet Version"; Value = "Rev. C, 04/1999"; VariantName = "[No Variations]"
Add component (AddParameter): Name = "Manufacturer"; Value = "FairchildSemiconductor"; VariantName = "[No Variations]"
Add component (AddParameter): Name = "Manufacturer URL"; Value = "https://www.fairchildsemi.com/"; VariantName = "[No Variations]"
Add component (AddParameter): Name = "Maximum Continuous Drain Current"; Value = "1.7A"; VariantName = "[No Variations]"
Add component (AddParameter): Name = "Maximum Drain Source Voltage"; Value = "20V"; VariantName = "[No Variations]"
Add component (AddParameter): Name = "Maximum Gate Source Voltage"; Value = "±8V"; VariantName = "[No Variations]"
Add component (AddParameter): Name = "Mounting"; Value = "SurfaceMount"; VariantName = "[No Variations]"
Add component (AddParameter): Name = "Mounting Technology"; Value = "SurfaceMount"; VariantName = "[No Variations]"
Add component (AddParameter): Name = "Operating Temperature"; Value = "-55to150°C"; VariantName = "[No Variations]"
Add component (AddParameter): Name = "Package"; Value = "3SuperSOT"; VariantName = "[No Variations]"
Add component (AddParameter): Name = "Package Description"; Value = "3-Pin Small Outline Transistor, Body 2.92 x 1.4 mm, Pitch 0.95 mm"; VariantName = "[No Variations]"
Add component (AddParameter): Name = "Package Reference"; Value = "SSOT3L"; VariantName = "[No Variations]"
Add component (AddParameter): Name = "Package URL"; Value = "https://www.fairchildsemi.com/package-drawings/MA/MA03B.pdf"; VariantName = "[No Variations]"
Add component (AddParameter): Name = "Package Version"; Value = "Rev. 3, 05/2015"; VariantName = "[No Variations]"
Add component (AddParameter): Name = "Packaging"; Value = "Tape&Reel"; VariantName = "[No Variations]"
Add component (AddParameter): Name = "Rad Hard"; Value = "No"; VariantName = "[No Variations]"
Add component (AddParameter): Name = "RDS-on"; Value = "0.07@4.5VOhm"; VariantName = "[No Variations]"
Add component (AddParameter): Name = "Typical Fall Time"; Value = "3ns"; VariantName = "[No Variations]"
Add component (AddParameter): Name = "Typical Rise Time"; Value = "8.5ns"; VariantName = "[No Variations]"
Add component (AddParameter): Name = "Typical Turn-Off Delay Time"; Value = "11ns"; VariantName = "[No Variations]"
Add component (AddParameter): Name = "Typical Turn-On Delay Time"; Value = "5ns"; VariantName = "[No Variations]"
Added Component: Designator=Q4(FAIR-SSOT3L-3_V)
Add component (AddParameter): Name = "Category"; Value = "MOSFET"; VariantName = "[No Variations]"
Add component (AddParameter): Name = "Channel Mode"; Value = "Enhancement"; VariantName = "[No Variations]"
Add component (AddParameter): Name = "Channel Type"; Value = "N"; VariantName = "[No Variations]"
Add component (AddParameter): Name = "Datasheet URL"; Value = "https://www.fairchildsemi.com/datasheets/FD/FDN335N.pdf"; VariantName = "[No Variations]"
Add component (AddParameter): Name = "Datasheet Version"; Value = "Rev. C, 04/1999"; VariantName = "[No Variations]"
Add component (AddParameter): Name = "Manufacturer"; Value = "FairchildSemiconductor"; VariantName = "[No Variations]"
Add component (AddParameter): Name = "Manufacturer URL"; Value = "https://www.fairchildsemi.com/"; VariantName = "[No Variations]"
Add component (AddParameter): Name = "Maximum Continuous Drain Current"; Value = "1.7A"; VariantName = "[No Variations]"
Add component (AddParameter): Name = "Maximum Drain Source Voltage"; Value = "20V"; VariantName = "[No Variations]"
Add component (AddParameter): Name = "Maximum Gate Source Voltage"; Value = "±8V"; VariantName = "[No Variations]"
Add component (AddParameter): Name = "Mounting"; Value = "SurfaceMount"; VariantName = "[No Variations]"
Add component (AddParameter): Name = "Mounting Technology"; Value = "SurfaceMount"; VariantName = "[No Variations]"
Add component (AddParameter): Name = "Operating Temperature"; Value = "-55to150°C"; VariantName = "[No Variations]"
Add component (AddParameter): Name = "Package"; Value = "3SuperSOT"; VariantName = "[No Variations]"
Add component (AddParameter): Name = "Package Description"; Value = "3-Pin Small Outline Transistor, Body 2.92 x 1.4 mm, Pitch 0.95 mm"; VariantName = "[No Variations]"
Add component (AddParameter): Name = "Package Reference"; Value = "SSOT3L"; VariantName = "[No Variations]"
Add component (AddParameter): Name = "Package URL"; Value = "https://www.fairchildsemi.com/package-drawings/MA/MA03B.pdf"; VariantName = "[No Variations]"
Add component (AddParameter): Name = "Package Version"; Value = "Rev. 3, 05/2015"; VariantName = "[No Variations]"
Add component (AddParameter): Name = "Packaging"; Value = "Tape&Reel"; VariantName = "[No Variations]"
Add component (AddParameter): Name = "Rad Hard"; Value = "No"; VariantName = "[No Variations]"
Add component (AddParameter): Name = "RDS-on"; Value = "0.07@4.5VOhm"; VariantName = "[No Variations]"
Add component (AddParameter): Name = "Typical Fall Time"; Value = "3ns"; VariantName = "[No Variations]"
Add component (AddParameter): Name = "Typical Rise Time"; Value = "8.5ns"; VariantName = "[No Variations]"
Add component (AddParameter): Name = "Typical Turn-Off Delay Time"; Value = "11ns"; VariantName = "[No Variations]"
Add component (AddParameter): Name = "Typical Turn-On Delay Time"; Value = "5ns"; VariantName = "[No Variations]"
Added Component: Designator=Q5(FAIR-SSOT3L-3_V)
Add component (AddParameter): Name = "Category"; Value = "MOSFET"; VariantName = "[No Variations]"
Add component (AddParameter): Name = "Channel Mode"; Value = "Enhancement"; VariantName = "[No Variations]"
Add component (AddParameter): Name = "Channel Type"; Value = "N"; VariantName = "[No Variations]"
Add component (AddParameter): Name = "Datasheet URL"; Value = "https://www.fairchildsemi.com/datasheets/FD/FDN335N.pdf"; VariantName = "[No Variations]"
Add component (AddParameter): Name = "Datasheet Version"; Value = "Rev. C, 04/1999"; VariantName = "[No Variations]"
Add component (AddParameter): Name = "Manufacturer"; Value = "FairchildSemiconductor"; VariantName = "[No Variations]"
Add component (AddParameter): Name = "Manufacturer URL"; Value = "https://www.fairchildsemi.com/"; VariantName = "[No Variations]"
Add component (AddParameter): Name = "Maximum Continuous Drain Current"; Value = "1.7A"; VariantName = "[No Variations]"
Add component (AddParameter): Name = "Maximum Drain Source Voltage"; Value = "20V"; VariantName = "[No Variations]"
Add component (AddParameter): Name = "Maximum Gate Source Voltage"; Value = "±8V"; VariantName = "[No Variations]"
Add component (AddParameter): Name = "Mounting"; Value = "SurfaceMount"; VariantName = "[No Variations]"
Add component (AddParameter): Name = "Mounting Technology"; Value = "SurfaceMount"; VariantName = "[No Variations]"
Add component (AddParameter): Name = "Operating Temperature"; Value = "-55to150°C"; VariantName = "[No Variations]"
Add component (AddParameter): Name = "Package"; Value = "3SuperSOT"; VariantName = "[No Variations]"
Add component (AddParameter): Name = "Package Description"; Value = "3-Pin Small Outline Transistor, Body 2.92 x 1.4 mm, Pitch 0.95 mm"; VariantName = "[No Variations]"
Add component (AddParameter): Name = "Package Reference"; Value = "SSOT3L"; VariantName = "[No Variations]"
Add component (AddParameter): Name = "Package URL"; Value = "https://www.fairchildsemi.com/package-drawings/MA/MA03B.pdf"; VariantName = "[No Variations]"
Add component (AddParameter): Name = "Package Version"; Value = "Rev. 3, 05/2015"; VariantName = "[No Variations]"
Add component (AddParameter): Name = "Packaging"; Value = "Tape&Reel"; VariantName = "[No Variations]"
Add component (AddParameter): Name = "Rad Hard"; Value = "No"; VariantName = "[No Variations]"
Add component (AddParameter): Name = "RDS-on"; Value = "0.07@4.5VOhm"; VariantName = "[No Variations]"
Add component (AddParameter): Name = "Typical Fall Time"; Value = "3ns"; VariantName = "[No Variations]"
Add component (AddParameter): Name = "Typical Rise Time"; Value = "8.5ns"; VariantName = "[No Variations]"
Add component (AddParameter): Name = "Typical Turn-Off Delay Time"; Value = "11ns"; VariantName = "[No Variations]"
Add component (AddParameter): Name = "Typical Turn-On Delay Time"; Value = "5ns"; VariantName = "[No Variations]"
Added Component: Designator=R2(RESC1206(3216)_M)
Add component (AddParameter): Name = "Case-EIA"; Value = "1206"; VariantName = "[No Variations]"
Add component (AddParameter): Name = "Case-Metric"; Value = "3216"; VariantName = "[No Variations]"
Add component (AddParameter): Name = "Power"; Value = "0.25 W"; VariantName = "[No Variations]"
Add component (AddParameter): Name = "Technology"; Value = "SMT"; VariantName = "[No Variations]"
Add component (AddParameter): Name = "Tolerance"; Value = "5 %"; VariantName = "[No Variations]"
Add component (AddParameter): Name = "Value"; Value = "10000.00 Ohm"; VariantName = "[No Variations]"
Added Component: Designator=R3(FP-TFCR0805-MFG)
Added Component: Designator=R5(FP-CRCW0805-e3-IPC_B)
Add component (AddParameter): Name = "Case Code (Imperial)"; Value = "0805"; VariantName = "[No Variations]"
Add component (AddParameter): Name = "Case Code (Metric)"; Value = "2012"; VariantName = "[No Variations]"
Add component (AddParameter): Name = "Case/Package"; Value = "0805"; VariantName = "[No Variations]"
Add component (AddParameter): Name = "Composition"; Value = "Thick Film"; VariantName = "[No Variations]"
Add component (AddParameter): Name = "Contact Plating"; Value = "Tin"; VariantName = "[No Variations]"
Add component (AddParameter): Name = "Features"; Value = "Automotive AEC-Q200"; VariantName = "[No Variations]"
Add component (AddParameter): Name = "Height"; Value = "0.02inch"; VariantName = "[No Variations]"
Add component (AddParameter): Name = "Lead Free"; Value = "Lead Free"; VariantName = "[No Variations]"
Add component (AddParameter): Name = "Length"; Value = "0.079inch"; VariantName = "[No Variations]"
Add component (AddParameter): Name = "Max Operating Temperature"; Value = "155°C"; VariantName = "[No Variations]"
Add component (AddParameter): Name = "Max Power Dissipation"; Value = "125mW"; VariantName = "[No Variations]"
Add component (AddParameter): Name = "Min Operating Temperature"; Value = "-55°C"; VariantName = "[No Variations]"
Add component (AddParameter): Name = "Number of Terminations"; Value = "2"; VariantName = "[No Variations]"
Add component (AddParameter): Name = "Package Quantity"; Value = "5000"; VariantName = "[No Variations]"
Add component (AddParameter): Name = "Packaging"; Value = "Tape and Reel"; VariantName = "[No Variations]"
Add component (AddParameter): Name = "Power Rating"; Value = "125mW"; VariantName = "[No Variations]"
Add component (AddParameter): Name = "Radiation Hardening"; Value = "No"; VariantName = "[No Variations]"
Add component (AddParameter): Name = "Resistance"; Value = "2.49R"; VariantName = "[No Variations]"
Add component (AddParameter): Name = "Temperature Coefficient"; Value = "200ppm/°C"; VariantName = "[No Variations]"
Add component (AddParameter): Name = "Termination"; Value = "SMD/SMT"; VariantName = "[No Variations]"
Add component (AddParameter): Name = "Tolerance"; Value = "1%"; VariantName = "[No Variations]"
Add component (AddParameter): Name = "Voltage Rating"; Value = "150V"; VariantName = "[No Variations]"
Add component (AddParameter): Name = "Voltage Rating (DC)"; Value = "150V"; VariantName = "[No Variations]"
Add component (AddParameter): Name = "Weight"; Value = "0.000194oz"; VariantName = "[No Variations]"
Add component (AddParameter): Name = "Width"; Value = "1.25mm"; VariantName = "[No Variations]"
Added Component: Designator=R7(FP-CRCW0805-e3-IPC_B)
Add component (AddParameter): Name = "Case Code (Imperial)"; Value = "0805"; VariantName = "[No Variations]"
Add component (AddParameter): Name = "Case Code (Metric)"; Value = "2012"; VariantName = "[No Variations]"
Add component (AddParameter): Name = "Case/Package"; Value = "0805"; VariantName = "[No Variations]"
Add component (AddParameter): Name = "Composition"; Value = "Thick Film"; VariantName = "[No Variations]"
Add component (AddParameter): Name = "Contact Plating"; Value = "Tin"; VariantName = "[No Variations]"
Add component (AddParameter): Name = "Features"; Value = "Automotive AEC-Q200"; VariantName = "[No Variations]"
Add component (AddParameter): Name = "Height"; Value = "0.02inch"; VariantName = "[No Variations]"
Add component (AddParameter): Name = "Lead Free"; Value = "Lead Free"; VariantName = "[No Variations]"
Add component (AddParameter): Name = "Length"; Value = "0.079inch"; VariantName = "[No Variations]"
Add component (AddParameter): Name = "Max Operating Temperature"; Value = "155°C"; VariantName = "[No Variations]"
Add component (AddParameter): Name = "Max Power Dissipation"; Value = "125mW"; VariantName = "[No Variations]"
Add component (AddParameter): Name = "Min Operating Temperature"; Value = "-55°C"; VariantName = "[No Variations]"
Add component (AddParameter): Name = "Number of Terminations"; Value = "2"; VariantName = "[No Variations]"
Add component (AddParameter): Name = "Package Quantity"; Value = "5000"; VariantName = "[No Variations]"
Add component (AddParameter): Name = "Packaging"; Value = "Tape and Reel"; VariantName = "[No Variations]"
Add component (AddParameter): Name = "Power Rating"; Value = "125mW"; VariantName = "[No Variations]"
Add component (AddParameter): Name = "Radiation Hardening"; Value = "No"; VariantName = "[No Variations]"
Add component (AddParameter): Name = "Resistance"; Value = "2.49R"; VariantName = "[No Variations]"
Add component (AddParameter): Name = "Temperature Coefficient"; Value = "200ppm/°C"; VariantName = "[No Variations]"
Add component (AddParameter): Name = "Termination"; Value = "SMD/SMT"; VariantName = "[No Variations]"
Add component (AddParameter): Name = "Tolerance"; Value = "1%"; VariantName = "[No Variations]"
Add component (AddParameter): Name = "Voltage Rating"; Value = "150V"; VariantName = "[No Variations]"
Add component (AddParameter): Name = "Voltage Rating (DC)"; Value = "150V"; VariantName = "[No Variations]"
Add component (AddParameter): Name = "Weight"; Value = "0.000194oz"; VariantName = "[No Variations]"
Add component (AddParameter): Name = "Width"; Value = "1.25mm"; VariantName = "[No Variations]"
Added Component: Designator=R8(FP-CRCW0805-e3-IPC_B)
Add component (AddParameter): Name = "Case Code (Imperial)"; Value = "0805"; VariantName = "[No Variations]"
Add component (AddParameter): Name = "Case Code (Metric)"; Value = "2012"; VariantName = "[No Variations]"
Add component (AddParameter): Name = "Case/Package"; Value = "0805"; VariantName = "[No Variations]"
Add component (AddParameter): Name = "Composition"; Value = "Thick Film"; VariantName = "[No Variations]"
Add component (AddParameter): Name = "Contact Plating"; Value = "Tin"; VariantName = "[No Variations]"
Add component (AddParameter): Name = "Features"; Value = "Automotive AEC-Q200"; VariantName = "[No Variations]"
Add component (AddParameter): Name = "Height"; Value = "0.02inch"; VariantName = "[No Variations]"
Add component (AddParameter): Name = "Lead Free"; Value = "Lead Free"; VariantName = "[No Variations]"
Add component (AddParameter): Name = "Length"; Value = "0.079inch"; VariantName = "[No Variations]"
Add component (AddParameter): Name = "Max Operating Temperature"; Value = "155°C"; VariantName = "[No Variations]"
Add component (AddParameter): Name = "Max Power Dissipation"; Value = "125mW"; VariantName = "[No Variations]"
Add component (AddParameter): Name = "Min Operating Temperature"; Value = "-55°C"; VariantName = "[No Variations]"
Add component (AddParameter): Name = "Number of Terminations"; Value = "2"; VariantName = "[No Variations]"
Add component (AddParameter): Name = "Package Quantity"; Value = "5000"; VariantName = "[No Variations]"
Add component (AddParameter): Name = "Packaging"; Value = "Tape and Reel"; VariantName = "[No Variations]"
Add component (AddParameter): Name = "Power Rating"; Value = "125mW"; VariantName = "[No Variations]"
Add component (AddParameter): Name = "Radiation Hardening"; Value = "No"; VariantName = "[No Variations]"
Add component (AddParameter): Name = "Resistance"; Value = "2.49R"; VariantName = "[No Variations]"
Add component (AddParameter): Name = "Temperature Coefficient"; Value = "200ppm/°C"; VariantName = "[No Variations]"
Add component (AddParameter): Name = "Termination"; Value = "SMD/SMT"; VariantName = "[No Variations]"
Add component (AddParameter): Name = "Tolerance"; Value = "1%"; VariantName = "[No Variations]"
Add component (AddParameter): Name = "Voltage Rating"; Value = "150V"; VariantName = "[No Variations]"
Add component (AddParameter): Name = "Voltage Rating (DC)"; Value = "150V"; VariantName = "[No Variations]"
Add component (AddParameter): Name = "Weight"; Value = "0.000194oz"; VariantName = "[No Variations]"
Add component (AddParameter): Name = "Width"; Value = "1.25mm"; VariantName = "[No Variations]"
Added Component: Designator=R10(FP-TFCR0805-MFG)
Added Component: Designator=R11(RESC3216X60X45LL10T20)
Add component (AddParameter): Name = "Manufacturer"; Value = "Vishay Dale"; VariantName = "[No Variations]"
Add component (AddParameter): Name = "Part Number"; Value = "CRCW120647K0FKEA"; VariantName = "[No Variations]"
Added Component: Designator=R12(RESC3216X89X51ML25T25)
Add component (AddParameter): Name = "Manufacturer"; Value = "Vishay Dale"; VariantName = "[No Variations]"
Add component (AddParameter): Name = "Part Number"; Value = "WSL1206R2000FEA"; VariantName = "[No Variations]"
Added Component: Designator=R13(FP-TFCR0805-MFG)
Added Component: Designator=R_BT1(RESC2013X60X35NL10T20)
Add component (AddParameter): Name = "ComponentLink1Description"; Value = "Manufacturer URL"; VariantName = "[No Variations]"
Add component (AddParameter): Name = "ComponentLink1URL"; Value = "http://www.yageo.com/"; VariantName = "[No Variations]"
Add component (AddParameter): Name = "ComponentLink2Description"; Value = "Datasheet"; VariantName = "[No Variations]"
Add component (AddParameter): Name = "ComponentLink2URL"; Value = "http://www.yageo.com/documents/recent/PYu-RC_Group_51_RoHS_L_04.pdf"; VariantName = "[No Variations]"
Add component (AddParameter): Name = "DatasheetVersion"; Value = "Rev. 4, 02/2016"; VariantName = "[No Variations]"
Add component (AddParameter): Name = "Height"; Value = "0.5 mm"; VariantName = "[No Variations]"
Add component (AddParameter): Name = "Length"; Value = "2 mm"; VariantName = "[No Variations]"
Add component (AddParameter): Name = "Manufacturer"; Value = "Yageo"; VariantName = "[No Variations]"
Add component (AddParameter): Name = "Max Operating Temperature"; Value = "155 degC"; VariantName = "[No Variations]"
Add component (AddParameter): Name = "Min Operating Temperature"; Value = "-55 degC"; VariantName = "[No Variations]"
Add component (AddParameter): Name = "Mount"; Value = "Surface Mount"; VariantName = "[No Variations]"
Add component (AddParameter): Name = "Mounting Technology"; Value = "Surface Mount"; VariantName = "[No Variations]"
Add component (AddParameter): Name = "Package Quantity"; Value = "200"; VariantName = "[No Variations]"
Add component (AddParameter): Name = "PackageDescription"; Value = "2-Pin Surface Mounted Device, Body 2 x 1.25 mm"; VariantName = "[No Variations]"
Add component (AddParameter): Name = "PackageReference"; Value = "0805"; VariantName = "[No Variations]"
Add component (AddParameter): Name = "Packaging"; Value = "Tape and Reel"; VariantName = "[No Variations]"
Add component (AddParameter): Name = "Pins"; Value = "2"; VariantName = "[No Variations]"
Add component (AddParameter): Name = "REACH SVHC"; Value = "No SVHC"; VariantName = "[No Variations]"
Add component (AddParameter): Name = "RoHSCompliant"; Value = "true"; VariantName = "[No Variations]"
Add component (AddParameter): Name = "Voltage Rating"; Value = "150 V"; VariantName = "[No Variations]"
Added Component: Designator=R_BT02(RESC2013X60X35NL10T20)
Add component (AddParameter): Name = "ComponentLink1Description"; Value = "Manufacturer URL"; VariantName = "[No Variations]"
Add component (AddParameter): Name = "ComponentLink1URL"; Value = "http://www.yageo.com/"; VariantName = "[No Variations]"
Add component (AddParameter): Name = "ComponentLink2Description"; Value = "Datasheet"; VariantName = "[No Variations]"
Add component (AddParameter): Name = "ComponentLink2URL"; Value = "http://www.yageo.com/documents/recent/PYu-RC_Group_51_RoHS_L_04.pdf"; VariantName = "[No Variations]"
Add component (AddParameter): Name = "DatasheetVersion"; Value = "Rev. 4, 02/2016"; VariantName = "[No Variations]"
Add component (AddParameter): Name = "Height"; Value = "0.5 mm"; VariantName = "[No Variations]"
Add component (AddParameter): Name = "Length"; Value = "2 mm"; VariantName = "[No Variations]"
Add component (AddParameter): Name = "Manufacturer"; Value = "Yageo"; VariantName = "[No Variations]"
Add component (AddParameter): Name = "Max Operating Temperature"; Value = "155 degC"; VariantName = "[No Variations]"
Add component (AddParameter): Name = "Min Operating Temperature"; Value = "-55 degC"; VariantName = "[No Variations]"
Add component (AddParameter): Name = "Mount"; Value = "Surface Mount"; VariantName = "[No Variations]"
Add component (AddParameter): Name = "Mounting Technology"; Value = "Surface Mount"; VariantName = "[No Variations]"
Add component (AddParameter): Name = "Package Quantity"; Value = "200"; VariantName = "[No Variations]"
Add component (AddParameter): Name = "PackageDescription"; Value = "2-Pin Surface Mounted Device, Body 2 x 1.25 mm"; VariantName = "[No Variations]"
Add component (AddParameter): Name = "PackageReference"; Value = "0805"; VariantName = "[No Variations]"
Add component (AddParameter): Name = "Packaging"; Value = "Tape and Reel"; VariantName = "[No Variations]"
Add component (AddParameter): Name = "Pins"; Value = "2"; VariantName = "[No Variations]"
Add component (AddParameter): Name = "REACH SVHC"; Value = "No SVHC"; VariantName = "[No Variations]"
Add component (AddParameter): Name = "RoHSCompliant"; Value = "true"; VariantName = "[No Variations]"
Add component (AddParameter): Name = "Voltage Rating"; Value = "150 V"; VariantName = "[No Variations]"
Added Component: Designator=R_BUZZ(RESC2013X60X35NL10T20)
Add component (AddParameter): Name = "ComponentLink1Description"; Value = "Manufacturer URL"; VariantName = "[No Variations]"
Add component (AddParameter): Name = "ComponentLink1URL"; Value = "http://www.yageo.com/"; VariantName = "[No Variations]"
Add component (AddParameter): Name = "ComponentLink2Description"; Value = "Datasheet"; VariantName = "[No Variations]"
Add component (AddParameter): Name = "ComponentLink2URL"; Value = "http://www.yageo.com/documents/recent/PYu-RC_Group_51_RoHS_L_04.pdf"; VariantName = "[No Variations]"
Add component (AddParameter): Name = "DatasheetVersion"; Value = "Rev. 4, 02/2016"; VariantName = "[No Variations]"
Add component (AddParameter): Name = "Height"; Value = "0.5 mm"; VariantName = "[No Variations]"
Add component (AddParameter): Name = "Length"; Value = "2 mm"; VariantName = "[No Variations]"
Add component (AddParameter): Name = "Manufacturer"; Value = "Yageo"; VariantName = "[No Variations]"
Add component (AddParameter): Name = "Max Operating Temperature"; Value = "155 degC"; VariantName = "[No Variations]"
Add component (AddParameter): Name = "Min Operating Temperature"; Value = "-55 degC"; VariantName = "[No Variations]"
Add component (AddParameter): Name = "Mount"; Value = "Surface Mount"; VariantName = "[No Variations]"
Add component (AddParameter): Name = "Mounting Technology"; Value = "Surface Mount"; VariantName = "[No Variations]"
Add component (AddParameter): Name = "Package Quantity"; Value = "200"; VariantName = "[No Variations]"
Add component (AddParameter): Name = "PackageDescription"; Value = "2-Pin Surface Mounted Device, Body 2 x 1.25 mm"; VariantName = "[No Variations]"
Add component (AddParameter): Name = "PackageReference"; Value = "0805"; VariantName = "[No Variations]"
Add component (AddParameter): Name = "Packaging"; Value = "Tape and Reel"; VariantName = "[No Variations]"
Add component (AddParameter): Name = "Pins"; Value = "2"; VariantName = "[No Variations]"
Add component (AddParameter): Name = "REACH SVHC"; Value = "No SVHC"; VariantName = "[No Variations]"
Add component (AddParameter): Name = "RoHSCompliant"; Value = "true"; VariantName = "[No Variations]"
Add component (AddParameter): Name = "Voltage Rating"; Value = "150 V"; VariantName = "[No Variations]"
Added Component: Designator=R_IR1(RESC2013X60X35NL10T20)
Add component (AddParameter): Name = "ComponentLink1Description"; Value = "Manufacturer URL"; VariantName = "[No Variations]"
Add component (AddParameter): Name = "ComponentLink1URL"; Value = "http://www.yageo.com/"; VariantName = "[No Variations]"
Add component (AddParameter): Name = "ComponentLink2Description"; Value = "Datasheet"; VariantName = "[No Variations]"
Add component (AddParameter): Name = "ComponentLink2URL"; Value = "http://www.yageo.com/documents/recent/PYu-RC_Group_51_RoHS_L_04.pdf"; VariantName = "[No Variations]"
Add component (AddParameter): Name = "DatasheetVersion"; Value = "Rev. 4, 02/2016"; VariantName = "[No Variations]"
Add component (AddParameter): Name = "Height"; Value = "0.5 mm"; VariantName = "[No Variations]"
Add component (AddParameter): Name = "Length"; Value = "2 mm"; VariantName = "[No Variations]"
Add component (AddParameter): Name = "Manufacturer"; Value = "Yageo"; VariantName = "[No Variations]"
Add component (AddParameter): Name = "Max Operating Temperature"; Value = "155 degC"; VariantName = "[No Variations]"
Add component (AddParameter): Name = "Min Operating Temperature"; Value = "-55 degC"; VariantName = "[No Variations]"
Add component (AddParameter): Name = "Mount"; Value = "Surface Mount"; VariantName = "[No Variations]"
Add component (AddParameter): Name = "Mounting Technology"; Value = "Surface Mount"; VariantName = "[No Variations]"
Add component (AddParameter): Name = "Package Quantity"; Value = "200"; VariantName = "[No Variations]"
Add component (AddParameter): Name = "PackageDescription"; Value = "2-Pin Surface Mounted Device, Body 2 x 1.25 mm"; VariantName = "[No Variations]"
Add component (AddParameter): Name = "PackageReference"; Value = "0805"; VariantName = "[No Variations]"
Add component (AddParameter): Name = "Packaging"; Value = "Tape and Reel"; VariantName = "[No Variations]"
Add component (AddParameter): Name = "Pins"; Value = "2"; VariantName = "[No Variations]"
Add component (AddParameter): Name = "REACH SVHC"; Value = "No SVHC"; VariantName = "[No Variations]"
Add component (AddParameter): Name = "RoHSCompliant"; Value = "true"; VariantName = "[No Variations]"
Add component (AddParameter): Name = "Voltage Rating"; Value = "150 V"; VariantName = "[No Variations]"
Added Component: Designator=R_IR2(RESC2013X60X35NL10T20)
Add component (AddParameter): Name = "ComponentLink1Description"; Value = "Manufacturer URL"; VariantName = "[No Variations]"
Add component (AddParameter): Name = "ComponentLink1URL"; Value = "http://www.yageo.com/"; VariantName = "[No Variations]"
Add component (AddParameter): Name = "ComponentLink2Description"; Value = "Datasheet"; VariantName = "[No Variations]"
Add component (AddParameter): Name = "ComponentLink2URL"; Value = "http://www.yageo.com/documents/recent/PYu-RC_Group_51_RoHS_L_04.pdf"; VariantName = "[No Variations]"
Add component (AddParameter): Name = "DatasheetVersion"; Value = "Rev. 4, 02/2016"; VariantName = "[No Variations]"
Add component (AddParameter): Name = "Height"; Value = "0.5 mm"; VariantName = "[No Variations]"
Add component (AddParameter): Name = "Length"; Value = "2 mm"; VariantName = "[No Variations]"
Add component (AddParameter): Name = "Manufacturer"; Value = "Yageo"; VariantName = "[No Variations]"
Add component (AddParameter): Name = "Max Operating Temperature"; Value = "155 degC"; VariantName = "[No Variations]"
Add component (AddParameter): Name = "Min Operating Temperature"; Value = "-55 degC"; VariantName = "[No Variations]"
Add component (AddParameter): Name = "Mount"; Value = "Surface Mount"; VariantName = "[No Variations]"
Add component (AddParameter): Name = "Mounting Technology"; Value = "Surface Mount"; VariantName = "[No Variations]"
Add component (AddParameter): Name = "Package Quantity"; Value = "200"; VariantName = "[No Variations]"
Add component (AddParameter): Name = "PackageDescription"; Value = "2-Pin Surface Mounted Device, Body 2 x 1.25 mm"; VariantName = "[No Variations]"
Add component (AddParameter): Name = "PackageReference"; Value = "0805"; VariantName = "[No Variations]"
Add component (AddParameter): Name = "Packaging"; Value = "Tape and Reel"; VariantName = "[No Variations]"
Add component (AddParameter): Name = "Pins"; Value = "2"; VariantName = "[No Variations]"
Add component (AddParameter): Name = "REACH SVHC"; Value = "No SVHC"; VariantName = "[No Variations]"
Add component (AddParameter): Name = "RoHSCompliant"; Value = "true"; VariantName = "[No Variations]"
Add component (AddParameter): Name = "Voltage Rating"; Value = "150 V"; VariantName = "[No Variations]"
Added Component: Designator=R_IR3(RESC2013X60X35NL10T20)
Add component (AddParameter): Name = "ComponentLink1Description"; Value = "Manufacturer URL"; VariantName = "[No Variations]"
Add component (AddParameter): Name = "ComponentLink1URL"; Value = "http://www.yageo.com/"; VariantName = "[No Variations]"
Add component (AddParameter): Name = "ComponentLink2Description"; Value = "Datasheet"; VariantName = "[No Variations]"
Add component (AddParameter): Name = "ComponentLink2URL"; Value = "http://www.yageo.com/documents/recent/PYu-RC_Group_51_RoHS_L_04.pdf"; VariantName = "[No Variations]"
Add component (AddParameter): Name = "DatasheetVersion"; Value = "Rev. 4, 02/2016"; VariantName = "[No Variations]"
Add component (AddParameter): Name = "Height"; Value = "0.5 mm"; VariantName = "[No Variations]"
Add component (AddParameter): Name = "Length"; Value = "2 mm"; VariantName = "[No Variations]"
Add component (AddParameter): Name = "Manufacturer"; Value = "Yageo"; VariantName = "[No Variations]"
Add component (AddParameter): Name = "Max Operating Temperature"; Value = "155 degC"; VariantName = "[No Variations]"
Add component (AddParameter): Name = "Min Operating Temperature"; Value = "-55 degC"; VariantName = "[No Variations]"
Add component (AddParameter): Name = "Mount"; Value = "Surface Mount"; VariantName = "[No Variations]"
Add component (AddParameter): Name = "Mounting Technology"; Value = "Surface Mount"; VariantName = "[No Variations]"
Add component (AddParameter): Name = "Package Quantity"; Value = "200"; VariantName = "[No Variations]"
Add component (AddParameter): Name = "PackageDescription"; Value = "2-Pin Surface Mounted Device, Body 2 x 1.25 mm"; VariantName = "[No Variations]"
Add component (AddParameter): Name = "PackageReference"; Value = "0805"; VariantName = "[No Variations]"
Add component (AddParameter): Name = "Packaging"; Value = "Tape and Reel"; VariantName = "[No Variations]"
Add component (AddParameter): Name = "Pins"; Value = "2"; VariantName = "[No Variations]"
Add component (AddParameter): Name = "REACH SVHC"; Value = "No SVHC"; VariantName = "[No Variations]"
Add component (AddParameter): Name = "RoHSCompliant"; Value = "true"; VariantName = "[No Variations]"
Add component (AddParameter): Name = "Voltage Rating"; Value = "150 V"; VariantName = "[No Variations]"
Added Component: Designator=R_IR4(RESC2013X50X30NL20T20)
Add component (AddParameter): Name = "Manufacturer"; Value = "Vishay Dale"; VariantName = "[No Variations]"
Add component (AddParameter): Name = "Part Number"; Value = "CRCW080510R0FKEA"; VariantName = "[No Variations]"
Added Component: Designator=R_IR5(RESC2013X50X30NL20T20)
Add component (AddParameter): Name = "Manufacturer"; Value = "Vishay Dale"; VariantName = "[No Variations]"
Add component (AddParameter): Name = "Part Number"; Value = "CRCW080510R0FKEA"; VariantName = "[No Variations]"
Added Component: Designator=R_IR6(RESC2013X50X30NL20T20)
Add component (AddParameter): Name = "Manufacturer"; Value = "Vishay Dale"; VariantName = "[No Variations]"
Add component (AddParameter): Name = "Part Number"; Value = "CRCW080510R0FKEA"; VariantName = "[No Variations]"
Added Component: Designator=R_IR7(YAGO-RC0805_M)
Add component (AddParameter): Name = "ComponentLink1Description"; Value = "Manufacturer URL"; VariantName = "[No Variations]"
Add component (AddParameter): Name = "ComponentLink1URL"; Value = "http://www.yageo.com/NewPortal/_en/index.jsp"; VariantName = "[No Variations]"
Add component (AddParameter): Name = "ComponentLink2Description"; Value = "Datasheet"; VariantName = "[No Variations]"
Add component (AddParameter): Name = "ComponentLink2URL"; Value = "http://www.yageo.com/documents/recent/PYu-RC_Group_51_RoHS_L-3.pdf"; VariantName = "[No Variations]"
Add component (AddParameter): Name = "DatasheetVersion"; Value = "Rev. 3"; VariantName = "[No Variations]"
Add component (AddParameter): Name = "Mounting Technology"; Value = "Surface Mount"; VariantName = "[No Variations]"
Add component (AddParameter): Name = "PackageDescription"; Value = "2-Pin Surface Mount Device, Body 2 x 1.25 mm"; VariantName = "[No Variations]"
Add component (AddParameter): Name = "Packing"; Value = "Tape and Reel"; VariantName = "[No Variations]"
Add component (AddParameter): Name = "PartNumber"; Value = "RC0805FR-074K7L"; VariantName = "[No Variations]"
Add component (AddParameter): Name = "Power"; Value = "0.125 W"; VariantName = "[No Variations]"
Add component (AddParameter): Name = "Resistance"; Value = "4700 Ohm"; VariantName = "[No Variations]"
Add component (AddParameter): Name = "RoHS"; Value = "TRUE"; VariantName = "[No Variations]"
Add component (AddParameter): Name = "Temperature Max"; Value = "155 degC"; VariantName = "[No Variations]"
Add component (AddParameter): Name = "Temperature Min"; Value = "-55 degC"; VariantName = "[No Variations]"
Add component (AddParameter): Name = "Tolerance"; Value = "+/- 1%"; VariantName = "[No Variations]"
Added Component: Designator=R_IR8(YAGO-RC0805_M)
Add component (AddParameter): Name = "ComponentLink1Description"; Value = "Manufacturer URL"; VariantName = "[No Variations]"
Add component (AddParameter): Name = "ComponentLink1URL"; Value = "http://www.yageo.com/NewPortal/_en/index.jsp"; VariantName = "[No Variations]"
Add component (AddParameter): Name = "ComponentLink2Description"; Value = "Datasheet"; VariantName = "[No Variations]"
Add component (AddParameter): Name = "ComponentLink2URL"; Value = "http://www.yageo.com/documents/recent/PYu-RC_Group_51_RoHS_L-3.pdf"; VariantName = "[No Variations]"
Add component (AddParameter): Name = "DatasheetVersion"; Value = "Rev. 3"; VariantName = "[No Variations]"
Add component (AddParameter): Name = "Mounting Technology"; Value = "Surface Mount"; VariantName = "[No Variations]"
Add component (AddParameter): Name = "PackageDescription"; Value = "2-Pin Surface Mount Device, Body 2 x 1.25 mm"; VariantName = "[No Variations]"
Add component (AddParameter): Name = "Packing"; Value = "Tape and Reel"; VariantName = "[No Variations]"
Add component (AddParameter): Name = "PartNumber"; Value = "RC0805FR-074K7L"; VariantName = "[No Variations]"
Add component (AddParameter): Name = "Power"; Value = "0.125 W"; VariantName = "[No Variations]"
Add component (AddParameter): Name = "Resistance"; Value = "4700 Ohm"; VariantName = "[No Variations]"
Add component (AddParameter): Name = "RoHS"; Value = "TRUE"; VariantName = "[No Variations]"
Add component (AddParameter): Name = "Temperature Max"; Value = "155 degC"; VariantName = "[No Variations]"
Add component (AddParameter): Name = "Temperature Min"; Value = "-55 degC"; VariantName = "[No Variations]"
Add component (AddParameter): Name = "Tolerance"; Value = "+/- 1%"; VariantName = "[No Variations]"
Added Component: Designator=R_IR9(YAGO-RC0805_M)
Add component (AddParameter): Name = "ComponentLink1Description"; Value = "Manufacturer URL"; VariantName = "[No Variations]"
Add component (AddParameter): Name = "ComponentLink1URL"; Value = "http://www.yageo.com/NewPortal/_en/index.jsp"; VariantName = "[No Variations]"
Add component (AddParameter): Name = "ComponentLink2Description"; Value = "Datasheet"; VariantName = "[No Variations]"
Add component (AddParameter): Name = "ComponentLink2URL"; Value = "http://www.yageo.com/documents/recent/PYu-RC_Group_51_RoHS_L-3.pdf"; VariantName = "[No Variations]"
Add component (AddParameter): Name = "DatasheetVersion"; Value = "Rev. 3"; VariantName = "[No Variations]"
Add component (AddParameter): Name = "Mounting Technology"; Value = "Surface Mount"; VariantName = "[No Variations]"
Add component (AddParameter): Name = "PackageDescription"; Value = "2-Pin Surface Mount Device, Body 2 x 1.25 mm"; VariantName = "[No Variations]"
Add component (AddParameter): Name = "Packing"; Value = "Tape and Reel"; VariantName = "[No Variations]"
Add component (AddParameter): Name = "PartNumber"; Value = "RC0805FR-074K7L"; VariantName = "[No Variations]"
Add component (AddParameter): Name = "Power"; Value = "0.125 W"; VariantName = "[No Variations]"
Add component (AddParameter): Name = "Resistance"; Value = "4700 Ohm"; VariantName = "[No Variations]"
Add component (AddParameter): Name = "RoHS"; Value = "TRUE"; VariantName = "[No Variations]"
Add component (AddParameter): Name = "Temperature Max"; Value = "155 degC"; VariantName = "[No Variations]"
Add component (AddParameter): Name = "Temperature Min"; Value = "-55 degC"; VariantName = "[No Variations]"
Add component (AddParameter): Name = "Tolerance"; Value = "+/- 1%"; VariantName = "[No Variations]"
Added Component: Designator=R_IR10(YAGO-RC0805_M)
Add component (AddParameter): Name = "ComponentLink1Description"; Value = "Manufacturer URL"; VariantName = "[No Variations]"
Add component (AddParameter): Name = "ComponentLink1URL"; Value = "http://www.yageo.com/NewPortal/_en/index.jsp"; VariantName = "[No Variations]"
Add component (AddParameter): Name = "ComponentLink2Description"; Value = "Datasheet"; VariantName = "[No Variations]"
Add component (AddParameter): Name = "ComponentLink2URL"; Value = "http://www.yageo.com/documents/recent/PYu-RC_Group_51_RoHS_L-3.pdf"; VariantName = "[No Variations]"
Add component (AddParameter): Name = "DatasheetVersion"; Value = "Rev. 3"; VariantName = "[No Variations]"
Add component (AddParameter): Name = "Mounting Technology"; Value = "Surface Mount"; VariantName = "[No Variations]"
Add component (AddParameter): Name = "PackageDescription"; Value = "2-Pin Surface Mount Device, Body 2 x 1.25 mm"; VariantName = "[No Variations]"
Add component (AddParameter): Name = "Packing"; Value = "Tape and Reel"; VariantName = "[No Variations]"
Add component (AddParameter): Name = "PartNumber"; Value = "RC0805FR-074K7L"; VariantName = "[No Variations]"
Add component (AddParameter): Name = "Power"; Value = "0.125 W"; VariantName = "[No Variations]"
Add component (AddParameter): Name = "Resistance"; Value = "4700 Ohm"; VariantName = "[No Variations]"
Add component (AddParameter): Name = "RoHS"; Value = "TRUE"; VariantName = "[No Variations]"
Add component (AddParameter): Name = "Temperature Max"; Value = "155 degC"; VariantName = "[No Variations]"
Add component (AddParameter): Name = "Temperature Min"; Value = "-55 degC"; VariantName = "[No Variations]"
Add component (AddParameter): Name = "Tolerance"; Value = "+/- 1%"; VariantName = "[No Variations]"
Added Component: Designator=R_MCU(FP-TFCR0805-MFG)
Added Component: Designator=R_TXLED(FP-TFCR0805-MFG)
Added Component: Designator=R_TX(FP-TFCR0805-MFG)
Added Component: Designator=RB0(FP-RC3216-IPC_C)
Add component (AddParameter): Name = "Case Code (Imperial)"; Value = "1206"; VariantName = "[No Variations]"
Add component (AddParameter): Name = "Case Code (Metric)"; Value = "3216"; VariantName = "[No Variations]"
Add component (AddParameter): Name = "Case/Package"; Value = "1206"; VariantName = "[No Variations]"
Add component (AddParameter): Name = "Composition"; Value = "Thick Film"; VariantName = "[No Variations]"
Add component (AddParameter): Name = "Contact Plating"; Value = "Tin"; VariantName = "[No Variations]"
Add component (AddParameter): Name = "Depth"; Value = "1.6mm"; VariantName = "[No Variations]"
Add component (AddParameter): Name = "Features"; Value = "Moisture Resistant"; VariantName = "[No Variations]"
Add component (AddParameter): Name = "Height"; Value = "0.026inch"; VariantName = "[No Variations]"
Add component (AddParameter): Name = "Lead Free"; Value = "Lead Free"; VariantName = "[No Variations]"
Add component (AddParameter): Name = "Length"; Value = "0.126inch"; VariantName = "[No Variations]"
Add component (AddParameter): Name = "Max Operating Temperature"; Value = "155°C"; VariantName = "[No Variations]"
Add component (AddParameter): Name = "Max Power Dissipation"; Value = "250mW"; VariantName = "[No Variations]"
Add component (AddParameter): Name = "Military Standard"; Value = "Not"; VariantName = "[No Variations]"
Add component (AddParameter): Name = "Min Operating Temperature"; Value = "-55°C"; VariantName = "[No Variations]"
Add component (AddParameter): Name = "Number of Terminations"; Value = "2"; VariantName = "[No Variations]"
Add component (AddParameter): Name = "Packaging"; Value = "Tape and Reel"; VariantName = "[No Variations]"
Add component (AddParameter): Name = "Radiation Hardening"; Value = "No"; VariantName = "[No Variations]"
Add component (AddParameter): Name = "Resistance"; Value = "10kR"; VariantName = "[No Variations]"
Add component (AddParameter): Name = "Temperature Coefficient"; Value = "100ppm/°C"; VariantName = "[No Variations]"
Add component (AddParameter): Name = "Tolerance"; Value = "5%"; VariantName = "[No Variations]"
Add component (AddParameter): Name = "Voltage Rating (DC)"; Value = "200V"; VariantName = "[No Variations]"
Add component (AddParameter): Name = "Width"; Value = "0.063inch"; VariantName = "[No Variations]"
Added Component: Designator=RB1(FP-RC3216-IPC_C)
Add component (AddParameter): Name = "Case Code (Imperial)"; Value = "1206"; VariantName = "[No Variations]"
Add component (AddParameter): Name = "Case Code (Metric)"; Value = "3216"; VariantName = "[No Variations]"
Add component (AddParameter): Name = "Case/Package"; Value = "1206"; VariantName = "[No Variations]"
Add component (AddParameter): Name = "Composition"; Value = "Thick Film"; VariantName = "[No Variations]"
Add component (AddParameter): Name = "Contact Plating"; Value = "Tin"; VariantName = "[No Variations]"
Add component (AddParameter): Name = "Depth"; Value = "1.6mm"; VariantName = "[No Variations]"
Add component (AddParameter): Name = "Features"; Value = "Moisture Resistant"; VariantName = "[No Variations]"
Add component (AddParameter): Name = "Height"; Value = "0.026inch"; VariantName = "[No Variations]"
Add component (AddParameter): Name = "Lead Free"; Value = "Lead Free"; VariantName = "[No Variations]"
Add component (AddParameter): Name = "Length"; Value = "0.126inch"; VariantName = "[No Variations]"
Add component (AddParameter): Name = "Max Operating Temperature"; Value = "155°C"; VariantName = "[No Variations]"
Add component (AddParameter): Name = "Max Power Dissipation"; Value = "250mW"; VariantName = "[No Variations]"
Add component (AddParameter): Name = "Military Standard"; Value = "Not"; VariantName = "[No Variations]"
Add component (AddParameter): Name = "Min Operating Temperature"; Value = "-55°C"; VariantName = "[No Variations]"
Add component (AddParameter): Name = "Number of Terminations"; Value = "2"; VariantName = "[No Variations]"
Add component (AddParameter): Name = "Packaging"; Value = "Tape and Reel"; VariantName = "[No Variations]"
Add component (AddParameter): Name = "Radiation Hardening"; Value = "No"; VariantName = "[No Variations]"
Add component (AddParameter): Name = "Resistance"; Value = "10kR"; VariantName = "[No Variations]"
Add component (AddParameter): Name = "Temperature Coefficient"; Value = "100ppm/°C"; VariantName = "[No Variations]"
Add component (AddParameter): Name = "Tolerance"; Value = "5%"; VariantName = "[No Variations]"
Add component (AddParameter): Name = "Voltage Rating (DC)"; Value = "200V"; VariantName = "[No Variations]"
Add component (AddParameter): Name = "Width"; Value = "0.063inch"; VariantName = "[No Variations]"
Added Component: Designator=RST(TECO-FSMSMTR_V)
Add component (AddParameter): Name = "Actuator Length"; Value = "1.07mm"; VariantName = "[No Variations]"
Add component (AddParameter): Name = "Actuator Material"; Value = "Polyamide"; VariantName = "[No Variations]"
Add component (AddParameter): Name = "Case\/Package"; Value = "SMD/SMT"; VariantName = "[No Variations]"
Add component (AddParameter): Name = "Contact Current Rating"; Value = "50mA"; VariantName = "[No Variations]"
Add component (AddParameter): Name = "Contact Material"; Value = "Brass"; VariantName = "[No Variations]"
Add component (AddParameter): Name = "Contact Plating"; Value = "Silver"; VariantName = "[No Variations]"
Add component (AddParameter): Name = "Contact Resistance"; Value = "100mOhm"; VariantName = "[No Variations]"
Add component (AddParameter): Name = "Current Rating"; Value = "50mA"; VariantName = "[No Variations]"
Add component (AddParameter): Name = "Datasheet URL"; Value = "http://www.te.com/commerce/DocumentDelivery/DDEController?Action=showdoc&DocId=Customer+Drawing%7F1437566-3%7FC2%7Fpdf%7FEnglish%7FENG_CD_1437566-3_C2_1437566_3_1_c.dwg.pdf%7F1437566-4"; VariantName = "[No Variations]"
Add component (AddParameter): Name = "Datasheet Version"; Value = "Rev. C2, 08/2014"; VariantName = "[No Variations]"
Add component (AddParameter): Name = "Electrical Life"; Value = "20000Cycles"; VariantName = "[No Variations]"
Add component (AddParameter): Name = "ELV"; Value = "Compliant"; VariantName = "[No Variations]"
Add component (AddParameter): Name = "Illumination Type"; Value = "Illuminated"; VariantName = "[No Variations]"
Add component (AddParameter): Name = "Lead Free"; Value = "LeadFree"; VariantName = "[No Variations]"
Add component (AddParameter): Name = "Manufacturer"; Value = "TE Connectivity"; VariantName = "[No Variations]"
Add component (AddParameter): Name = "Manufacturer URL"; Value = "http://www.te.com/"; VariantName = "[No Variations]"
Add component (AddParameter): Name = "Max Operating Temperature"; Value = "85degC"; VariantName = "[No Variations]"
Add component (AddParameter): Name = "Max Voltage Rating (DC)"; Value = "12V"; VariantName = "[No Variations]"
Add component (AddParameter): Name = "Mechanical Life"; Value = "20000Cycles"; VariantName = "[No Variations]"
Add component (AddParameter): Name = "Min Operating Temperature"; Value = "-35degC"; VariantName = "[No Variations]"
Add component (AddParameter): Name = "Mount"; Value = "SurfaceMount"; VariantName = "[No Variations]"
Add component (AddParameter): Name = "Mounting Technology"; Value = "SurfaceMount"; VariantName = "[No Variations]"
Add component (AddParameter): Name = "Operating Force"; Value = "180gf"; VariantName = "[No Variations]"
Add component (AddParameter): Name = "Orientation"; Value = "Straight"; VariantName = "[No Variations]"
Add component (AddParameter): Name = "Package Description"; Value = "2-Pin Surface Mount Device, Body 6 x 3.5 mm, Pitch 9.19 mm"; VariantName = "[No Variations]"
Add component (AddParameter): Name = "Package Quantity"; Value = "1800"; VariantName = "[No Variations]"
Add component (AddParameter): Name = "Package Reference"; Value = "FSMSMTR"; VariantName = "[No Variations]"
Add component (AddParameter): Name = "Packaging"; Value = "TapeandReel"; VariantName = "[No Variations]"
Add component (AddParameter): Name = "REACH SVHC"; Value = "Unknown"; VariantName = "[No Variations]"
Add component (AddParameter): Name = "RoHSCompliant"; Value = "true"; VariantName = "[No Variations]"
Add component (AddParameter): Name = "Switch Travel"; Value = "0.25mm"; VariantName = "[No Variations]"
Add component (AddParameter): Name = "Termination"; Value = "GullWing"; VariantName = "[No Variations]"
Add component (AddParameter): Name = "Throw Configuration"; Value = "SPST"; VariantName = "[No Variations]"
Add component (AddParameter): Name = "Voltage Rating (DC)"; Value = "24V"; VariantName = "[No Variations]"
Added Component: Designator=SW0(ESWI-EG1218_V)
Add component (AddParameter): Name = "Case\Package"; Value = "SOT-23-5"; VariantName = "[No Variations]"
Add component (AddParameter): Name = "ComponentLink1Description"; Value = "Manufacturer URL"; VariantName = "[No Variations]"
Add component (AddParameter): Name = "ComponentLink1URL"; Value = "http://www.e-switch.ch/en/"; VariantName = "[No Variations]"
Add component (AddParameter): Name = "ComponentLink2Description"; Value = "Datasheet"; VariantName = "[No Variations]"
Add component (AddParameter): Name = "ComponentLink2URL"; Value = "https://www.e-switch.com/system/asset/product_line/data_sheet/119/EG.pdf"; VariantName = "[No Variations]"
Add component (AddParameter): Name = "DatasheetVersion"; Value = "Oct-15"; VariantName = "[No Variations]"
Add component (AddParameter): Name = "Dropout Voltage"; Value = "300 mV"; VariantName = "[No Variations]"
Add component (AddParameter): Name = "Height"; Value = "1.3 mm"; VariantName = "[No Variations]"
Add component (AddParameter): Name = "Length"; Value = "3 mm"; VariantName = "[No Variations]"
Add component (AddParameter): Name = "Max Input Voltage"; Value = "8 V"; VariantName = "[No Variations]"
Add component (AddParameter): Name = "Max Operating Temperature"; Value = "85 degC"; VariantName = "[No Variations]"
Add component (AddParameter): Name = "Max Ouput Current"; Value = "150 mA"; VariantName = "[No Variations]"
Add component (AddParameter): Name = "Max Power Dissipation"; Value = "250 mW"; VariantName = "[No Variations]"
Add component (AddParameter): Name = "Min Input Voltage"; Value = "4.3 V"; VariantName = "[No Variations]"
Add component (AddParameter): Name = "Min Operating Temperature"; Value = "-40 degC"; VariantName = "[No Variations]"
Add component (AddParameter): Name = "Mount"; Value = "Surface Mount"; VariantName = "[No Variations]"
Add component (AddParameter): Name = "Nominal Output Voltage"; Value = "3.3 V"; VariantName = "[No Variations]"
Add component (AddParameter): Name = "Output Current"; Value = "150 mA"; VariantName = "[No Variations]"
Add component (AddParameter): Name = "Output Voltage"; Value = "3.3 V"; VariantName = "[No Variations]"
Add component (AddParameter): Name = "Outputs"; Value = "1"; VariantName = "[No Variations]"
Add component (AddParameter): Name = "Package Quantity"; Value = "3000"; VariantName = "[No Variations]"
Add component (AddParameter): Name = "PackageDescription"; Value = "3-Pin Through Hole Device, Body 11.6 x 4 mm, Pitch 2.5 mm"; VariantName = "[No Variations]"
Add component (AddParameter): Name = "PackageReference"; Value = "EG1218"; VariantName = "[No Variations]"
Add component (AddParameter): Name = "Packaging"; Value = "Tape and Reel"; VariantName = "[No Variations]"
Add component (AddParameter): Name = "Pins"; Value = "5"; VariantName = "[No Variations]"
Add component (AddParameter): Name = "Power Rating"; Value = "250 mW"; VariantName = "[No Variations]"
Add component (AddParameter): Name = "Radiation Hardening"; Value = "No"; VariantName = "[No Variations]"
Add component (AddParameter): Name = "REACH SVHC"; Value = "No SVHC"; VariantName = "[No Variations]"
Add component (AddParameter): Name = "RoHSCompliant"; Value = "true"; VariantName = "[No Variations]"
Add component (AddParameter): Name = "Width"; Value = "1.8 mm"; VariantName = "[No Variations]"
Added Component: Designator=U1(QFP50P1200X1200X160-64N)
Add component (AddParameter): Name = "Case/Package"; Value = "LQFP-64 STMicroelectronics"; VariantName = "[No Variations]"
Add component (AddParameter): Name = "Check_prices"; Value = "https://www.snapeda.com/parts/STM32F405RGT6/STMicroelectronics/view-part/?ref=eda"; VariantName = "[No Variations]"
Add component (AddParameter): Name = "Component Type"; Value = "Standard"; VariantName = "[No Variations]"
Add component (AddParameter): Name = "Design Item ID"; Value = "STM32F405RGT6"; VariantName = "[No Variations]"
Add component (AddParameter): Name = "MF"; Value = "STMicroelectronics"; VariantName = "[No Variations]"
Add component (AddParameter): Name = "MP"; Value = "STM32F405RGT6"; VariantName = "[No Variations]"
Add component (AddParameter): Name = "Pins"; Value = "64"; VariantName = "[No Variations]"
Add component (AddParameter): Name = "SnapEDA_Link"; Value = "https://www.snapeda.com/parts/STM32F405RGT6/STMicroelectronics/view-part/?ref=snap"; VariantName = "[No Variations]"
Add component (AddParameter): Name = "Source"; Value = "STM32F405RGT6.SchLib"; VariantName = "[No Variations]"
Add component (AddParameter): Name = "Value"; Value = ""; VariantName = "[No Variations]"
Added Component: Designator=U2(DCY0004A_N)
Add component (AddParameter): Name = "Code_IPC"; Value = "SOT223-4"; VariantName = "[No Variations]"
Add component (AddParameter): Name = "Code_JEDEC"; Value = "TO-261-AA"; VariantName = "[No Variations]"
Add component (AddParameter): Name = "Code_JEITA"; Value = ""; VariantName = "[No Variations]"
Add component (AddParameter): Name = "ComponentLink1Description"; Value = "Datasheet URL"; VariantName = "[No Variations]"
Add component (AddParameter): Name = "ComponentLink1URL"; Value = "http://www.ti.com/general/docs/lit/getliterature.tsp?genericPartNumber=LM1117-N&fileType=pdf"; VariantName = "[No Variations]"
Add component (AddParameter): Name = "CompType"; Value = "LDO IC"; VariantName = "[No Variations]"
Add component (AddParameter): Name = "High-Reliability"; Value = "Y"; VariantName = "[No Variations]"
Add component (AddParameter): Name = "Manufacturer"; Value = "Texas Instruments"; VariantName = "[No Variations]"
Add component (AddParameter): Name = "PackageDescription"; Value = "Molded SOT-223, 6.50 x 3.56 x 1.6mm Body, 4 Lead, 2.3mm Pitch"; VariantName = "[No Variations]"
Add component (AddParameter): Name = "PackageReference"; Value = "DCY0004A"; VariantName = "[No Variations]"
Add component (AddParameter): Name = "PackageTopMarking"; Value = "XYTT*N05B"; VariantName = "[No Variations]"
Add component (AddParameter): Name = "PartNumber"; Value = "LM1117IMP-3.3/NOPB"; VariantName = "[No Variations]"
Add component (AddParameter): Name = "PinCount"; Value = "4"; VariantName = "[No Variations]"
Add component (AddParameter): Name = "PowerWise"; Value = "N"; VariantName = "[No Variations]"
Add component (AddParameter): Name = "RoHS"; Value = "Y"; VariantName = "[No Variations]"
Added Component: Designator=U3(SOIC127P600X170-9N)
Add component (AddParameter): Name = "Availability"; Value = "In Stock"; VariantName = "[No Variations]"
Add component (AddParameter): Name = "Check_prices"; Value = "https://www.snapeda.com/parts/MP2307DN-LF-Z/Monolithic+Power+Systems+Inc./view-part/?ref=eda"; VariantName = "[No Variations]"
Add component (AddParameter): Name = "MF"; Value = "Monolithic Power"; VariantName = "[No Variations]"
Add component (AddParameter): Name = "MP"; Value = "MP2307DN-LF-Z"; VariantName = "[No Variations]"
Add component (AddParameter): Name = "Package"; Value = "SOIC-8 Monolithic Power"; VariantName = "[No Variations]"
Add component (AddParameter): Name = "Price"; Value = "None"; VariantName = "[No Variations]"
Add component (AddParameter): Name = "Purchase-URL"; Value = "https://pricing.snapeda.com/search/part/MP2307DN-LF-Z/?ref=eda"; VariantName = "[No Variations]"
Add component (AddParameter): Name = "SnapEDA_Link"; Value = "https://www.snapeda.com/parts/MP2307DN-LF-Z/Monolithic+Power+Systems+Inc./view-part/?ref=snap"; VariantName = "[No Variations]"
Add component (AddParameter): Name = "Value"; Value = ""; VariantName = "[No Variations]"
Added Component: Designator=U5(FP-PWP0016C-IPC_B)
Add component (AddParameter): Name = "Case/Package"; Value = "HTSSOP"; VariantName = "[No Variations]"
Add component (AddParameter): Name = "Fault Protection"; Value = "Over Temperature"; VariantName = "[No Variations]"
Add component (AddParameter): Name = "Interface"; Value = "PWM"; VariantName = "[No Variations]"
Add component (AddParameter): Name = "Lead Free"; Value = "Lead Free"; VariantName = "[No Variations]"
Add component (AddParameter): Name = "Max Operating Temperature"; Value = "85°C"; VariantName = "[No Variations]"
Add component (AddParameter): Name = "Max Output Current"; Value = "2A"; VariantName = "[No Variations]"
Add component (AddParameter): Name = "Max Supply Voltage"; Value = "10.8V"; VariantName = "[No Variations]"
Add component (AddParameter): Name = "Min Operating Temperature"; Value = "-40°C"; VariantName = "[No Variations]"
Add component (AddParameter): Name = "Min Supply Voltage"; Value = "2.7V"; VariantName = "[No Variations]"
Add component (AddParameter): Name = "Nominal Supply Current"; Value = "3mA"; VariantName = "[No Variations]"
Add component (AddParameter): Name = "Number of Outputs"; Value = "2"; VariantName = "[No Variations]"
Add component (AddParameter): Name = "Number of Pins"; Value = "16"; VariantName = "[No Variations]"
Add component (AddParameter): Name = "Output Current"; Value = "1.5A"; VariantName = "[No Variations]"
Add component (AddParameter): Name = "Output Current per Channel"; Value = "1.5A"; VariantName = "[No Variations]"
Add component (AddParameter): Name = "Package Quantity"; Value = "2000"; VariantName = "[No Variations]"
Add component (AddParameter): Name = "Packaging"; Value = "Tape and Reel"; VariantName = "[No Variations]"
Add component (AddParameter): Name = "Radiation Hardening"; Value = "No"; VariantName = "[No Variations]"
Add component (AddParameter): Name = "REACH SVHC"; Value = "No SVHC"; VariantName = "[No Variations]"
Add component (AddParameter): Name = "RMS Current (Irms)"; Value = "1.5A"; VariantName = "[No Variations]"
Add component (AddParameter): Name = "RoHS Compliant"; Value = "Yes"; VariantName = "[No Variations]"
Add component (AddParameter): Name = "Series"; Value = "DRV8833"; VariantName = "[No Variations]"
Add component (AddParameter): Name = "Supply Current"; Value = "3mA"; VariantName = "[No Variations]"
Add component (AddParameter): Name = "Technology"; Value = "NMOS"; VariantName = "[No Variations]"
Added Component: Designator=U6(DCY0004A_N)
Add component (AddParameter): Name = "Code_IPC"; Value = "SOT223-4"; VariantName = "[No Variations]"
Add component (AddParameter): Name = "Code_JEDEC"; Value = "TO-261-AA"; VariantName = "[No Variations]"
Add component (AddParameter): Name = "Code_JEITA"; Value = ""; VariantName = "[No Variations]"
Add component (AddParameter): Name = "ComponentLink1Description"; Value = "Datasheet URL"; VariantName = "[No Variations]"
Add component (AddParameter): Name = "ComponentLink1URL"; Value = "http://www.ti.com/general/docs/lit/getliterature.tsp?genericPartNumber=LM1117-N&fileType=pdf"; VariantName = "[No Variations]"
Add component (AddParameter): Name = "CompType"; Value = "LDO IC"; VariantName = "[No Variations]"
Add component (AddParameter): Name = "High-Reliability"; Value = "Y"; VariantName = "[No Variations]"
Add component (AddParameter): Name = "Manufacturer"; Value = "Texas Instruments"; VariantName = "[No Variations]"
Add component (AddParameter): Name = "PackageDescription"; Value = "Molded SOT-223, 6.50 x 3.56 x 1.6mm Body, 4 Lead, 2.3mm Pitch"; VariantName = "[No Variations]"
Add component (AddParameter): Name = "PackageReference"; Value = "DCY0004A"; VariantName = "[No Variations]"
Add component (AddParameter): Name = "PackageTopMarking"; Value = "XYTT*N05B"; VariantName = "[No Variations]"
Add component (AddParameter): Name = "PartNumber"; Value = "LM1117IMP-3.3/NOPB"; VariantName = "[No Variations]"
Add component (AddParameter): Name = "PinCount"; Value = "4"; VariantName = "[No Variations]"
Add component (AddParameter): Name = "PowerWise"; Value = "N"; VariantName = "[No Variations]"
Add component (AddParameter): Name = "RoHS"; Value = "Y"; VariantName = "[No Variations]"
Added Component: Designator=U(XDCR_BMG250)
Add component (AddParameter): Name = "Availability"; Value = "Unavailable"; VariantName = "[No Variations]"
Add component (AddParameter): Name = "MF"; Value = "Bosch"; VariantName = "[No Variations]"
Add component (AddParameter): Name = "MP"; Value = "BMG250"; VariantName = "[No Variations]"
Add component (AddParameter): Name = "Package"; Value = "LGA-14 Bosch Tools"; VariantName = "[No Variations]"
Add component (AddParameter): Name = "Price"; Value = "None"; VariantName = "[No Variations]"
Add component (AddParameter): Name = "SnapEDA_Link"; Value = "https://www.snapeda.com/parts/BMG250/Bosch%20Sensortec/view-part/627823/?ref=snap"; VariantName = "[No Variations]"
Add component (AddParameter): Name = "Value"; Value = ""; VariantName = "[No Variations]"
Added Component: Designator=Y1(FP-ABLS-MFG)
Add component (AddParameter): Name = "Accuracy"; Value = "20ppm"; VariantName = "[No Variations]"
Add component (AddParameter): Name = "Case/Package"; Value = "SMD/SMT"; VariantName = "[No Variations]"
Add component (AddParameter): Name = "Contact Plating"; Value = "Tin"; VariantName = "[No Variations]"
Add component (AddParameter): Name = "Depth"; Value = "4.7mm"; VariantName = "[No Variations]"
Add component (AddParameter): Name = "ESR (Equivalent Series Resistance)"; Value = "80R"; VariantName = "[No Variations]"
Add component (AddParameter): Name = "Frequency"; Value = "8MHz"; VariantName = "[No Variations]"
Add component (AddParameter): Name = "Frequency Stability"; Value = "50ppm"; VariantName = "[No Variations]"
Add component (AddParameter): Name = "Frequency Tolerance"; Value = "20ppm"; VariantName = "[No Variations]"
Add component (AddParameter): Name = "Height"; Value = "0.165inch"; VariantName = "[No Variations]"
Add component (AddParameter): Name = "Lead Free"; Value = "Lead Free"; VariantName = "[No Variations]"
Add component (AddParameter): Name = "Length"; Value = "11.4mm"; VariantName = "[No Variations]"
Add component (AddParameter): Name = "Load Capacitance"; Value = "18pF"; VariantName = "[No Variations]"
Add component (AddParameter): Name = "Max Operating Temperature"; Value = "70°C"; VariantName = "[No Variations]"
Add component (AddParameter): Name = "Min Operating Temperature"; Value = "-20°C"; VariantName = "[No Variations]"
Add component (AddParameter): Name = "Mount"; Value = "Surface Mount"; VariantName = "[No Variations]"
Add component (AddParameter): Name = "Number of Pins"; Value = "2"; VariantName = "[No Variations]"
Add component (AddParameter): Name = "Operating Frequency"; Value = "8 MHz"; VariantName = "[No Variations]"
Add component (AddParameter): Name = "Package Quantity"; Value = "1000"; VariantName = "[No Variations]"
Add component (AddParameter): Name = "Packaging"; Value = "Tape and Reel"; VariantName = "[No Variations]"
Add component (AddParameter): Name = "Radiation Hardening"; Value = "No"; VariantName = "[No Variations]"
Add component (AddParameter): Name = "REACH SVHC"; Value = "No SVHC"; VariantName = "[No Variations]"
Add component (AddParameter): Name = "Series"; Value = "ABLS"; VariantName = "[No Variations]"
Add component (AddParameter): Name = "Series Resistance"; Value = "80R"; VariantName = "[No Variations]"
Add component (AddParameter): Name = "Termination"; Value = "SMD/SMT"; VariantName = "[No Variations]"
Add component (AddParameter): Name = "Tolerance"; Value = "20ppm"; VariantName = "[No Variations]"
Add component (AddParameter): Name = "Width"; Value = "4.7mm"; VariantName = "[No Variations]"
Added Pin To Net: NetName=VIN74 Pin=3-1
Added Pin To Net: NetName=Net3_2 Pin=3-2
Added Pin To Net: NetName=NetC1_1 Pin=C1-1
Added Pin To Net: NetName=GND Pin=C1-2
Added Pin To Net: NetName=NetC2_1 Pin=C2-1
Added Pin To Net: NetName=GND Pin=C2-2
Added Pin To Net: NetName=GND Pin=C3-1
Added Pin To Net: NetName=NetC3_2 Pin=C3-2
Added Pin To Net: NetName=VDD33 Pin=C4-1
Added Pin To Net: NetName=GND Pin=C4-2
Added Pin To Net: NetName=VDD33 Pin=C5-1
Added Pin To Net: NetName=GND Pin=C5-2
Added Pin To Net: NetName=VDD33 Pin=C6-1
Added Pin To Net: NetName=GND Pin=C6-2
Added Pin To Net: NetName=VDD33 Pin=C7-1
Added Pin To Net: NetName=GND Pin=C7-2
Added Pin To Net: NetName=VDD33 Pin=C8-1
Added Pin To Net: NetName=GND Pin=C8-2
Added Pin To Net: NetName=VDD33 Pin=C9-1
Added Pin To Net: NetName=GND Pin=C9-2
Added Pin To Net: NetName=VDDA Pin=C10-1
Added Pin To Net: NetName=GND Pin=C10-2
Added Pin To Net: NetName=GND Pin=C11-1
Added Pin To Net: NetName=NetC11_2 Pin=C11-2
Added Pin To Net: NetName=VIN74 Pin=C12-1
Added Pin To Net: NetName=GND Pin=C12-2
Added Pin To Net: NetName=NetC13_1 Pin=C13-1
Added Pin To Net: NetName=GND Pin=C13-2
Added Pin To Net: NetName=NetC14_1 Pin=C14-1
Added Pin To Net: NetName=NetC14_2 Pin=C14-2
Added Pin To Net: NetName=NetC15_1 Pin=C15-1
Added Pin To Net: NetName=NetC15_2 Pin=C15-2
Added Pin To Net: NetName=NetC16_1 Pin=C16-1
Added Pin To Net: NetName=GND Pin=C16-2
Added Pin To Net: NetName=VOUT5 Pin=C17-1
Added Pin To Net: NetName=GND Pin=C17-2
Added Pin To Net: NetName=VDD33_OUT Pin=C18-1
Added Pin To Net: NetName=GND Pin=C18-2
Added Pin To Net: NetName=GND Pin=C19-1
Added Pin To Net: NetName=VM Pin=C19-2
Added Pin To Net: NetName=VM Pin=C20-1
Added Pin To Net: NetName=NetC20_2 Pin=C20-2
Added Pin To Net: NetName=NetC21_1 Pin=C21-1
Added Pin To Net: NetName=GND Pin=C21-2
Added Pin To Net: NetName=VDDA Pin=C22-1
Added Pin To Net: NetName=GND Pin=C22-2
Added Pin To Net: NetName=VOUT5 Pin=C23-1
Added Pin To Net: NetName=GND Pin=C23-2
Added Pin To Net: NetName=V33 Pin=C24-1
Added Pin To Net: NetName=GND Pin=C24-2
Added Pin To Net: NetName=GND Pin=C27-1
Added Pin To Net: NetName=NetC27_2 Pin=C27-2
Added Pin To Net: NetName=V33 Pin=C_DB1-1
Added Pin To Net: NetName=DEBUG_1 Pin=C_DB1-2
Added Pin To Net: NetName=V33 Pin=C_DB2-1
Added Pin To Net: NetName=DEBUG_2 Pin=C_DB2-2
Add Pin To Net: Unknown Pin: Pin C_IR1-1
Add Pin To Net: Unknown Pin: Pin C_IR1-2
Added Pin To Net: NetName=GND Pin=C_IR2-1
Added Pin To Net: NetName=VOUT5 Pin=C_IR2-2
Add Pin To Net: Unknown Pin: Pin C_IR3-1
Add Pin To Net: Unknown Pin: Pin C_IR3-2
Added Pin To Net: NetName=VOUT5 Pin=C_IR4-1
Added Pin To Net: NetName=GND Pin=C_IR4-2
Added Pin To Net: NetName=VOUT5 Pin=C_IR5-1
Added Pin To Net: NetName=GND Pin=C_IR5-2
Add Pin To Net: Unknown Pin: Pin C_IR6-1
Add Pin To Net: Unknown Pin: Pin C_IR6-2
Added Pin To Net: NetName=NetC_MPU1_1 Pin=C_MPU1-1
Added Pin To Net: NetName=GND Pin=C_MPU1-2
Added Pin To Net: NetName=NetC_MPU2_1 Pin=C_MPU2-1
Added Pin To Net: NetName=GND Pin=C_MPU2-2
Added Pin To Net: NetName=RF Pin=CLP1-1
Added Pin To Net: NetName=GND Pin=CLP1-2
Added Pin To Net: NetName=R Pin=CLP2-1
Added Pin To Net: NetName=GND Pin=CLP2-2
Added Pin To Net: NetName=L Pin=CLP3-1
Added Pin To Net: NetName=GND Pin=CLP3-2
Added Pin To Net: NetName=LF Pin=CLP4-1
Added Pin To Net: NetName=GND Pin=CLP4-2
Added Pin To Net: NetName=GND Pin=D1-1
Added Pin To Net: NetName=NetD1_2 Pin=D1-2
Added Pin To Net: NetName=GND Pin=D3-1
Added Pin To Net: NetName=NetD3_2 Pin=D3-2
Added Pin To Net: NetName=V33 Pin=D4-1
Added Pin To Net: NetName=NetD4_2 Pin=D4-2
Added Pin To Net: NetName=GND Pin=D5-1
Added Pin To Net: NetName=NetD5_2 Pin=D5-2
Added Pin To Net: NetName=GND Pin=D6-1
Added Pin To Net: NetName=NetD6_2 Pin=D6-2
Added Pin To Net: NetName=GND Pin=D13-1
Added Pin To Net: NetName=NetD13_2 Pin=D13-2
Added Pin To Net: NetName=VOUT5 Pin=D_power-1
Added Pin To Net: NetName=NetC16_1 Pin=D_power-2
Add Pin To Net: Unknown Pin: Pin DBL_1-1
Add Pin To Net: Unknown Pin: Pin DBL_1-2
Add Pin To Net: Unknown Pin: Pin DBL_2-1
Add Pin To Net: Unknown Pin: Pin DBL_2-2
Added Pin To Net: NetName=DEBUG_1 Pin=DEBUG_1-1
Added Pin To Net: NetName=V33 Pin=DEBUG_1-2
Added Pin To Net: NetName=DEBUG_2 Pin=DEBUG_2-1
Added Pin To Net: NetName=V33 Pin=DEBUG_2-2
Add Pin To Net: Unknown Pin: Pin J1-01
Add Pin To Net: Unknown Pin: Pin J1-02
Add Pin To Net: Unknown Pin: Pin J2-01
Add Pin To Net: Unknown Pin: Pin J2-02
Added Pin To Net: NetName=SDA_LED Pin=J3-01
Added Pin To Net: NetName=SCL_LED Pin=J3-02
Added Pin To Net: NetName=V33 Pin=J3-03
Added Pin To Net: NetName=GND Pin=J3-04
Added Pin To Net: NetName=VDD33 Pin=L1-1
Added Pin To Net: NetName=VDDA Pin=L1-2
Added Pin To Net: NetName=NetC15_2 Pin=L3-1
Added Pin To Net: NetName=NetC16_1 Pin=L3-2
Added Pin To Net: NetName=TX_LED Pin=LED_TX-1
Added Pin To Net: NetName=NetLED_TX_2 Pin=LED_TX-2
Add Pin To Net: Unknown Pin: Pin LP1-1
Add Pin To Net: Unknown Pin: Pin LP1-2
Add Pin To Net: Unknown Pin: Pin LP2-1
Add Pin To Net: Unknown Pin: Pin LP2-2
Add Pin To Net: Unknown Pin: Pin LP3-1
Add Pin To Net: Unknown Pin: Pin LP3-2
Add Pin To Net: Unknown Pin: Pin LP4-1
Add Pin To Net: Unknown Pin: Pin LP4-2
Added Pin To Net: NetName=NetD4_2 Pin=LS1-1
Added Pin To Net: NetName=V33 Pin=LS1-2
Added Pin To Net: NetName=VOUT5 Pin=P0-01
Added Pin To Net: NetName=SWDIO Pin=P0-02
Added Pin To Net: NetName=SWCLK Pin=P0-03
Added Pin To Net: NetName=GND Pin=P0-04
Added Pin To Net: NetName=VOUT5 Pin=P1-1
Added Pin To Net: NetName=GND Pin=P1-2
Added Pin To Net: NetName=TX Pin=P1-3
Added Pin To Net: NetName=RX Pin=P1-4
Added Pin To Net: NetName=NetP3_1 Pin=P3-1
Added Pin To Net: NetName=GND Pin=P3-2
Added Pin To Net: NetName=LR_EM Pin=Q1-1
Added Pin To Net: NetName=GND Pin=Q1-2
Added Pin To Net: NetName=NetQ1_3 Pin=Q1-3
Added Pin To Net: NetName=RF_EM Pin=Q2-1
Added Pin To Net: NetName=GND Pin=Q2-2
Added Pin To Net: NetName=NetQ2_3 Pin=Q2-3
Added Pin To Net: NetName=LF_EM Pin=Q3-1
Added Pin To Net: NetName=GND Pin=Q3-2
Added Pin To Net: NetName=NetQ3_3 Pin=Q3-3
Added Pin To Net: NetName=NetQ4_1 Pin=Q4-1
Added Pin To Net: NetName=GND Pin=Q4-2
Added Pin To Net: NetName=TX_LED Pin=Q4-3
Added Pin To Net: NetName=BUZZER Pin=Q5-1
Added Pin To Net: NetName=GND Pin=Q5-2
Added Pin To Net: NetName=NetD4_2 Pin=Q5-3
Added Pin To Net: NetName=VDD33 Pin=R2-1
Added Pin To Net: NetName=NetC3_2 Pin=R2-2
Added Pin To Net: NetName=VDD33 Pin=R3-1
Added Pin To Net: NetName=NetD1_2 Pin=R3-2
Added Pin To Net: NetName=GND Pin=R5-1
Added Pin To Net: NetName=NetC14_2 Pin=R5-2
Added Pin To Net: NetName=GND Pin=R7-1
Added Pin To Net: NetName=NetR7_2 Pin=R7-2
Added Pin To Net: NetName=NetC16_1 Pin=R8-1
Added Pin To Net: NetName=NetR7_2 Pin=R8-2
Added Pin To Net: NetName=VOUT5 Pin=R10-1
Added Pin To Net: NetName=NetD3_2 Pin=R10-2
Added Pin To Net: NetName=VOUT5 Pin=R11-1
Added Pin To Net: NetName=NetR11_2 Pin=R11-2
Added Pin To Net: NetName=NetR12_1 Pin=R12-1
Added Pin To Net: NetName=GND Pin=R12-2
Added Pin To Net: NetName=V33 Pin=R13-1
Added Pin To Net: NetName=NetD13_2 Pin=R13-2
Added Pin To Net: NetName=GND Pin=R_BT1-1
Added Pin To Net: NetName=DEBUG_1 Pin=R_BT1-2
Added Pin To Net: NetName=GND Pin=R_BT02-1
Added Pin To Net: NetName=DEBUG_2 Pin=R_BT02-2
Added Pin To Net: NetName=GND Pin=R_BUZZ-1
Added Pin To Net: NetName=BUZZER Pin=R_BUZZ-2
Added Pin To Net: NetName=GND Pin=R_IR1-1
Added Pin To Net: NetName=LR_EM Pin=R_IR1-2
Added Pin To Net: NetName=GND Pin=R_IR2-1
Added Pin To Net: NetName=RF_EM Pin=R_IR2-2
Added Pin To Net: NetName=GND Pin=R_IR3-1
Added Pin To Net: NetName=LF_EM Pin=R_IR3-2
Added Pin To Net: NetName=NetQ1_3 Pin=R_IR4-1
Added Pin To Net: NetName=NetR_IR4_2 Pin=R_IR4-2
Added Pin To Net: NetName=NetQ2_3 Pin=R_IR5-1
Added Pin To Net: NetName=NetR_IR5_2 Pin=R_IR5-2
Added Pin To Net: NetName=NetQ3_3 Pin=R_IR6-1
Added Pin To Net: NetName=NetLF_IR_1 Pin=R_IR6-2
Added Pin To Net: NetName=GND Pin=R_IR7-1
Added Pin To Net: NetName=RF_RV Pin=R_IR7-2
Added Pin To Net: NetName=GND Pin=R_IR8-1
Added Pin To Net: NetName=R_RV Pin=R_IR8-2
Added Pin To Net: NetName=GND Pin=R_IR9-1
Added Pin To Net: NetName=LF_RV Pin=R_IR9-2
Added Pin To Net: NetName=GND Pin=R_IR10-1
Added Pin To Net: NetName=L_RV Pin=R_IR10-2
Added Pin To Net: NetName=VDD33_OUT Pin=R_MCU-1
Added Pin To Net: NetName=VDD33 Pin=R_MCU-2
Added Pin To Net: NetName=TX Pin=R_TX-1
Added Pin To Net: NetName=NetQ4_1 Pin=R_TX-2
Added Pin To Net: NetName=V33 Pin=R_TXLED-1
Added Pin To Net: NetName=NetLED_TX_2 Pin=R_TXLED-2
Added Pin To Net: NetName=GND Pin=RB0-1
Added Pin To Net: NetName=NetRB0_2 Pin=RB0-2
Added Pin To Net: NetName=PB2 Pin=RB1-1
Added Pin To Net: NetName=GND Pin=RB1-2
Added Pin To Net: NetName=NetC3_2 Pin=RST-1
Added Pin To Net: NetName=GND Pin=RST-2
Added Pin To Net: NetName=NetP3_1 Pin=SW0-2
Added Pin To Net: NetName=VIN74 Pin=SW0-3
Added Pin To Net: NetName=VDD33 Pin=U1-1
Added Pin To Net: NetName=NetC1_1 Pin=U1-5
Added Pin To Net: NetName=NetC2_1 Pin=U1-6
Added Pin To Net: NetName=NetC3_2 Pin=U1-7
Added Pin To Net: NetName=L Pin=U1-8
Added Pin To Net: NetName=LF Pin=U1-9
Added Pin To Net: NetName=RF Pin=U1-10
Added Pin To Net: NetName=R Pin=U1-11
Added Pin To Net: NetName=GND Pin=U1-12
Added Pin To Net: NetName=VDDA Pin=U1-13
Added Pin To Net: NetName=IN1 Pin=U1-14
Added Pin To Net: NetName=IN2 Pin=U1-15
Added Pin To Net: NetName=IN3 Pin=U1-16
Added Pin To Net: NetName=IN4 Pin=U1-17
Added Pin To Net: NetName=GND Pin=U1-18
Added Pin To Net: NetName=VDD33 Pin=U1-19
Added Pin To Net: NetName=CS Pin=U1-20
Added Pin To Net: NetName=SCK Pin=U1-21
Added Pin To Net: NetName=MISO Pin=U1-22
Added Pin To Net: NetName=MOSI Pin=U1-23
Added Pin To Net: NetName=PB2 Pin=U1-28
Added Pin To Net: NetName=SCL_enB Pin=U1-29
Added Pin To Net: NetName=SDA_enB Pin=U1-30
Added Pin To Net: NetName=NetC11_2 Pin=U1-31
Added Pin To Net: NetName=VDD33 Pin=U1-32
Added Pin To Net: NetName=DBL_2 Pin=U1-34
Added Pin To Net: NetName=DBL_1 Pin=U1-35
Added Pin To Net: NetName=DEBUG_1 Pin=U1-38
Added Pin To Net: NetName=DEBUG_2 Pin=U1-39
Added Pin To Net: NetName=SDA_enA Pin=U1-40
Added Pin To Net: NetName=SCL_enA Pin=U1-41
Added Pin To Net: NetName=LR_EM Pin=U1-43
Added Pin To Net: NetName=LF_EM Pin=U1-44
Added Pin To Net: NetName=RF_EM Pin=U1-45
Added Pin To Net: NetName=SWDIO Pin=U1-46
Added Pin To Net: NetName=NetC27_2 Pin=U1-47
Added Pin To Net: NetName=VDD33 Pin=U1-48
Added Pin To Net: NetName=SWCLK Pin=U1-49
Added Pin To Net: NetName=TX Pin=U1-51
Added Pin To Net: NetName=RX Pin=U1-52
Added Pin To Net: NetName=BUZZER Pin=U1-57
Added Pin To Net: NetName=SCL_LED Pin=U1-58
Added Pin To Net: NetName=SDA_LED Pin=U1-59
Added Pin To Net: NetName=NetRB0_2 Pin=U1-60
Added Pin To Net: NetName=GND Pin=U1-63
Added Pin To Net: NetName=VDD33 Pin=U1-64
Added Pin To Net: NetName=GND Pin=U2-1
Added Pin To Net: NetName=VDD33_OUT Pin=U2-2
Added Pin To Net: NetName=VOUT5 Pin=U2-3
Added Pin To Net: NetName=VDD33_OUT Pin=U2-4
Added Pin To Net: NetName=NetC15_1 Pin=U3-1
Added Pin To Net: NetName=VIN74 Pin=U3-2
Added Pin To Net: NetName=NetC15_2 Pin=U3-3
Added Pin To Net: NetName=GND Pin=U3-4
Added Pin To Net: NetName=NetR7_2 Pin=U3-5
Added Pin To Net: NetName=NetC14_1 Pin=U3-6
Added Pin To Net: NetName=Net3_2 Pin=U3-7
Added Pin To Net: NetName=NetC13_1 Pin=U3-8
Added Pin To Net: NetName=NetR11_2 Pin=U5-1
Added Pin To Net: NetName=OUT2 Pin=U5-2
Added Pin To Net: NetName=NetR12_1 Pin=U5-3
Added Pin To Net: NetName=OUT1 Pin=U5-4
Added Pin To Net: NetName=OUT3 Pin=U5-5
Added Pin To Net: NetName=NetR12_1 Pin=U5-6
Added Pin To Net: NetName=OUT4 Pin=U5-7
Added Pin To Net: NetName=IN4 Pin=U5-9
Added Pin To Net: NetName=IN3 Pin=U5-10
Added Pin To Net: NetName=NetC20_2 Pin=U5-11
Added Pin To Net: NetName=VM Pin=U5-12
Added Pin To Net: NetName=GND Pin=U5-13
Added Pin To Net: NetName=NetC21_1 Pin=U5-14
Added Pin To Net: NetName=IN2 Pin=U5-15
Added Pin To Net: NetName=IN1 Pin=U5-16
Added Pin To Net: NetName=GND Pin=U5-17
Added Pin To Net: NetName=GND Pin=U6-1
Added Pin To Net: NetName=V33 Pin=U6-2
Added Pin To Net: NetName=VOUT5 Pin=U6-3
Added Pin To Net: NetName=V33 Pin=U6-4
Added Pin To Net: NetName=MISO Pin=U-1
Added Pin To Net: NetName=NetC_MPU1_1 Pin=U-5
Added Pin To Net: NetName=GND Pin=U-6
Added Pin To Net: NetName=GND Pin=U-7
Added Pin To Net: NetName=NetC_MPU2_1 Pin=U-8
Added Pin To Net: NetName=CS Pin=U-12
Added Pin To Net: NetName=SCK Pin=U-13
Added Pin To Net: NetName=MOSI Pin=U-14
Added Pin To Net: NetName=NetC2_1 Pin=Y1-1
Added Pin To Net: NetName=NetC1_1 Pin=Y1-2
