time,pwm,posLeft,posRight
1,0,-20,164
2,0,-20,164
3,0,-20,164
4,0,-20,164
5,0,-20,164
6,0,-20,164
7,0,-20,164
8,0,-20,164
9,0,-20,164
10,0,-20,164
11,0,-20,164
12,0,-20,164
13,0,-20,164
14,0,-20,164
15,0,-20,164
16,0,-20,164
17,0,-20,164
18,0,-20,164
19,0,-20,164
20,0,-20,164
21,0,-20,164
22,0,-20,164
23,0,-20,164
24,0,-20,164
25,0,-20,164
26,0,-20,164
27,0,-20,164
28,0,-20,164
29,0,-20,164
30,0,-20,164
31,0,-20,164
32,0,-20,164
33,0,-20,164
34,0,-20,164
35,0,-20,164
36,0,-20,164
37,0,-20,164
38,0,-20,164
39,0,-20,164
40,0,-20,164
41,0,-20,164
42,0,-20,164
43,0,-20,164
44,0,-20,164
45,0,-20,164
46,0,-20,164
47,0,-20,164
48,0,-20,164
49,0,-20,164
50,0,-20,164
51,0,-20,164
52,0,-20,164
53,0,-20,164
54,0,-20,164
55,0,-20,164
56,0,-20,164
57,0,-20,164
58,0,-20,164
59,0,-20,164
60,0,-20,164
61,0,-20,164
62,0,-20,164
63,0,-20,164
64,0,-20,164
65,0,-20,164
66,0,-20,164
67,0,-20,164
68,0,-20,164
69,0,-20,164
70,0,-20,164
71,0,-20,164
72,0,-20,164
73,0,-20,164
74,0,-20,164
75,0,-20,164
76,0,-20,164
77,0,-20,164
78,0,-20,164
79,0,-20,164
80,0,-20,164
81,0,-20,164
82,0,-20,164
83,0,-20,164
84,0,-20,164
85,0,-20,164
86,0,-20,164
87,0,-20,164
88,0,-20,164
89,0,-20,164
90,0,-20,164
91,0,-20,164
92,0,-20,164
93,0,-20,164
94,0,-20,164
95,0,-20,164
96,0,-20,164
97,0,-20,164
98,0,-20,164
99,0,-20,164
100,0,-20,164
101,0,-20,164
102,0,-20,164
103,0,-20,164
104,0,-20,164
105,0,-20,164
106,0,-20,164
107,0,-20,164
108,0,-20,164
109,0,-20,164
110,0,-20,164
111,0,-20,164
112,0,-20,164
113,0,-20,164
114,0,-20,164
115,0,-20,164
116,0,-20,164
117,0,-20,164
118,0,-20,164
119,0,-20,164
120,0,-20,164
121,0,-20,164
122,0,-20,164
123,0,-20,164
124,0,-20,164
125,0,-20,164
126,0,-20,164
127,0,-20,164
128,0,-20,164
129,0,-20,164
130,0,-20,164
131,0,-20,164
132,0,-20,164
133,0,-20,164
134,0,-20,164
135,0,-20,164
136,0,-20,164
137,0,-20,164
138,0,-20,164
139,0,-20,164
140,0,-20,164
141,0,-20,164
142,0,-20,164
143,0,-20,164
144,0,-20,164
145,0,-20,164
146,0,-20,164
147,0,-20,164
148,0,-20,164
149,0,-20,164
150,0,-20,164
151,0,-20,164
152,0,-20,164
153,0,-20,164
154,0,-20,164
155,0,-20,164
156,0,-20,164
157,0,-20,164
158,0,-20,164
159,0,-20,164
160,0,-20,164
161,0,-20,164
162,0,-20,164
163,0,-20,164
164,0,-20,164
165,0,-20,164
166,0,-20,164
167,0,-20,164
168,0,-20,164
169,0,-20,164
170,0,-20,164
171,0,-20,164
172,0,-20,164
173,0,-20,164
174,0,-20,164
175,0,-20,164
176,0,-20,164
177,0,-20,164
178,0,-20,164
179,0,-20,164
180,0,-20,164
181,0,-20,164
182,0,-20,164
183,0,-20,164
184,0,-20,164
185,0,-20,164
186,0,-20,164
187,0,-20,164
188,0,-20,164
189,0,-20,164
190,0,-20,164
191,0,-20,164
192,0,-20,164
193,0,-20,164
194,0,-20,164
195,0,-20,164
196,0,-20,164
197,0,-20,164
198,0,-20,164
199,0,-20,164
200,0,-20,164
201,0,-20,164
202,0,-20,164
203,0,-20,164
204,0,-20,164
205,0,-20,164
206,0,-20,164
207,0,-20,164
208,0,-20,164
209,0,-20,164
210,0,-20,164
211,0,-20,164
212,0,-20,164
213,0,-20,164
214,0,-20,164
215,0,-20,164
216,0,-20,164
217,0,-20,164
218,0,-20,164
219,0,-20,164
220,0,-20,164
221,0,-20,164
222,0,-20,164
223,0,-20,164
224,0,-20,164
225,0,-20,164
226,0,-20,164
227,0,-20,164
228,0,-20,164
229,0,-20,164
230,0,-20,164
231,0,-20,164
232,0,-20,164
233,0,-20,164
234,0,-20,164
235,0,-20,164
236,0,-20,164
237,0,-20,164
238,0,-20,164
239,0,-20,164
240,0,-20,164
241,0,-20,164
242,0,-20,164
243,0,-20,164
244,0,-20,164
245,0,-20,164
246,0,-20,164
247,0,-20,164
248,0,-20,164
249,0,-20,164
250,0,-20,164
251,0,-20,164
252,0,-20,164
253,0,-20,164
254,0,-20,164
255,0,-20,164
256,0,-20,164
257,0,-20,164
258,0,-20,164
259,0,-20,164
260,0,-20,164
261,0,-20,164
262,0,-20,164
263,0,-20,164
264,0,-20,164
265,0,-20,164
266,0,-20,164
267,0,-20,164
268,0,-20,164
269,0,-20,164
270,0,-20,164
271,0,-20,164
272,0,-20,164
273,0,-20,164
274,0,-20,164
275,0,-20,164
276,0,-20,164
277,0,-20,164
278,0,-20,164
279,0,-20,164
280,0,-20,164
281,0,-20,164
282,0,-20,164
283,0,-20,164
284,0,-20,164
285,0,-20,164
286,0,-20,164
287,0,-20,164
288,0,-20,164
289,0,-20,164
290,0,-20,164
291,0,-20,164
292,0,-20,164
293,0,-20,164
294,0,-20,164
295,0,-20,164
296,0,-20,164
297,0,-20,164
298,0,-20,164
299,0,-20,164
300,0,-20,164
301,0,-20,164
302,0,-20,164
303,0,-20,164
304,0,-20,164
305,0,-20,164
306,0,-20,164
307,0,-20,164
308,0,-20,164
309,0,-20,164
310,0,-20,164
311,0,-20,164
312,0,-20,164
313,0,-20,164
314,0,-20,164
315,0,-20,164
316,0,-20,164
317,0,-20,164
318,0,-20,164
319,0,-20,164
320,0,-20,164
321,0,-20,164
322,0,-20,164
323,0,-20,164
324,0,-20,164
325,0,-20,164
326,0,-20,164
327,0,-20,164
328,0,-20,164
329,0,-20,164
330,0,-20,164
331,0,-20,164
332,0,-20,164
333,0,-20,164
334,0,-20,164
335,0,-20,164
336,0,-20,164
337,0,-20,164
338,0,-20,164
339,0,-20,164
340,0,-20,164
341,0,-20,164
342,0,-20,164
343,0,-20,164
344,0,-20,164
345,0,-20,164
346,0,-20,164
347,0,-20,164
348,0,-20,164
349,0,-20,164
350,0,-20,164
351,0,-20,164
352,0,-20,164
353,0,-20,164
354,0,-20,164
355,0,-20,164
356,0,-20,164
357,0,-20,164
358,0,-20,164
359,0,-20,164
360,0,-20,164
361,0,-20,164
362,0,-20,164
363,0,-20,164
364,0,-20,164
365,0,-20,164
366,0,-20,164
367,0,-20,164
368,0,-20,164
369,0,-20,164
370,0,-20,164
371,0,-20,164
372,0,-20,164
373,0,-20,164
374,0,-20,164
375,0,-20,164
376,0,-20,164
377,0,-20,164
378,0,-20,164
379,0,-20,164
380,0,-20,164
381,0,-20,164
382,0,-20,164
383,0,-20,164
384,0,-20,164
385,0,-20,164
386,0,-20,164
387,0,-20,164
388,0,-20,164
389,0,-20,164
390,0,-20,164
391,0,-20,164
392,0,-20,164
393,0,-20,164
394,0,-20,164
395,0,-20,164
396,0,-20,164
397,0,-20,164
398,0,-20,164
399,0,-20,164
400,0,-20,164
401,0,-20,164
402,0,-20,164
403,0,-20,164
404,0,-20,164
405,0,-20,164
406,0,-20,164
407,0,-20,164
408,0,-20,164
409,0,-20,164
410,0,-20,164
411,0,-20,164
412,0,-20,164
413,0,-20,164
414,0,-20,164
415,0,-20,164
416,0,-20,164
417,0,-20,164
418,0,-20,164
419,0,-20,164
420,0,-20,164
421,0,-20,164
422,0,-20,164
423,0,-20,164
424,0,-20,164
425,0,-20,164
426,0,-20,164
427,0,-20,164
428,0,-20,164
429,0,-20,164
430,0,-20,164
431,0,-20,164
432,0,-20,164
433,0,-20,164
434,0,-20,164
435,0,-20,164
436,0,-20,164
437,0,-20,164
438,0,-20,164
439,0,-20,164
440,0,-20,164
441,0,-20,164
442,0,-20,164
443,0,-20,164
444,0,-20,164
445,0,-20,164
446,0,-20,164
447,0,-20,164
448,0,-20,164
449,0,-20,164
450,0,-20,164
451,0,-20,164
452,0,-20,164
453,0,-20,164
454,0,-20,164
455,0,-20,164
456,0,-20,164
457,0,-20,164
458,0,-20,164
459,0,-20,164
460,0,-20,164
461,0,-20,164
462,0,-20,164
463,0,-20,164
464,0,-20,164
465,0,-20,164
466,0,-20,164
467,0,-20,164
468,0,-20,164
469,0,-20,164
470,0,-20,164
471,0,-20,164
472,0,-20,164
473,0,-20,164
474,0,-20,164
475,0,-20,164
476,0,-20,164
477,0,-20,164
478,0,-20,164
479,0,-20,164
480,0,-20,164
481,0,-20,164
482,0,-20,164
483,0,-20,164
484,0,-20,164
485,0,-20,164
486,0,-20,164
487,0,-20,164
488,0,-20,164
489,0,-20,164
490,0,-20,164
491,0,-20,164
492,0,-20,164
493,0,-20,164
494,0,-20,164
495,0,-20,164
496,0,-20,164
497,0,-20,164
498,0,-20,164
499,0,-20,164
500,0,-20,164
501,0,-20,164
502,0,-20,164
503,0,-20,164
504,0,-20,164
505,0,-20,164
506,0,-20,164
507,0,-20,164
508,0,-20,164
509,0,-20,164
510,0,-20,164
511,0,-20,164
512,0,-20,164
513,0,-20,164
514,0,-20,164
515,0,-20,164
516,0,-20,164
517,0,-20,164
518,0,-20,164
519,0,-20,164
520,0,-20,164
521,0,-20,164
522,0,-20,164
523,0,-20,164
524,0,-20,164
525,0,-20,164
526,0,-20,164
527,0,-20,164
528,0,-20,164
529,0,-20,164
530,0,-20,164
531,0,-20,164
532,0,-20,164
533,0,-20,164
534,0,-20,164
535,0,-20,164
536,0,-20,164
537,0,-20,164
538,0,-20,164
539,0,-20,164
540,0,-20,164
541,0,-20,164
542,0,-20,164
543,0,-20,164
544,0,-20,164
545,0,-20,164
546,0,-20,164
547,0,-20,164
548,0,-20,164
549,0,-20,164
550,0,-20,164
551,0,-20,164
552,0,-20,164
553,0,-20,164
554,0,-20,164
555,0,-20,164
556,0,-20,164
557,0,-20,164
558,0,-20,164
559,0,-20,164
560,0,-20,164
561,0,-20,164
562,0,-20,164
563,0,-20,164
564,0,-20,164
565,0,-20,164
566,0,-20,164
567,0,-20,164
568,0,-20,164
569,0,-20,164
570,0,-20,164
571,0,-20,164
572,0,-20,164
573,0,-20,164
574,0,-20,164
575,0,-20,164
576,0,-20,164
577,0,-20,164
578,0,-20,164
579,0,-20,164
580,0,-20,164
581,0,-20,164
582,0,-20,164
583,0,-20,164
584,0,-20,164
585,0,-20,164
586,0,-20,164
587,0,-20,164
588,0,-20,164
589,0,-20,164
590,0,-20,164
591,0,-20,164
592,0,-20,164
593,0,-20,164
594,0,-20,164
595,0,-20,164
596,0,-20,164
597,0,-20,164
598,0,-20,164
599,0,-20,164
600,0,-20,164
601,0,-20,164
602,0,-20,164
603,0,-20,164
604,0,-20,164
605,0,-20,164
606,0,-20,164
607,0,-20,164
608,0,-20,164
609,0,-20,164
610,0,-20,164
611,0,-20,164
612,0,-20,164
613,0,-20,164
614,0,-20,164
615,0,-20,164
616,0,-20,164
617,0,-20,164
618,0,-20,164
619,0,-20,164
620,0,-20,164
621,0,-20,164
622,0,-20,164
623,0,-20,164
624,0,-20,164
625,0,-20,164
626,0,-20,164
627,0,-20,164
628,0,-20,164
629,0,-20,164
630,0,-20,164
631,0,-20,164
632,0,-20,164
633,0,-20,164
634,0,-20,164
635,0,-20,164
636,0,-20,164
637,0,-20,164
638,0,-20,164
639,0,-20,164
640,0,-20,164
641,0,-20,164
642,0,-20,164
643,0,-20,164
644,0,-20,164
645,0,-20,164
646,0,-20,164
647,0,-20,164
648,0,-20,164
649,0,-20,164
650,0,-20,164
651,0,-20,164
652,0,-20,164
653,0,-20,164
654,0,-20,164
655,0,-20,164
656,0,-20,164
657,0,-20,164
658,0,-20,164
659,0,-20,164
660,0,-20,164
661,0,-20,164
662,0,-20,164
663,0,-20,164
664,0,-20,164
665,0,-20,164
666,0,-20,164
667,0,-20,164
668,0,-20,164
669,0,-20,164
670,0,-20,164
671,0,-20,164
672,0,-20,164
673,0,-20,164
674,0,-20,164
675,0,-20,164
676,0,-20,164
677,0,-20,164
678,0,-20,164
679,0,-20,164
680,0,-20,164
681,0,-20,164
682,0,-20,164
683,0,-20,164
684,0,-20,164
685,0,-20,164
686,0,-20,164
687,0,-20,164
688,0,-20,164
689,0,-20,164
690,0,-20,164
691,0,-20,164
692,0,-20,164
693,0,-20,164
694,0,-20,164
695,0,-20,164
696,0,-20,164
697,0,-20,164
698,0,-20,164
699,0,-20,164
700,0,-20,164
701,0,-20,164
702,0,-20,164
703,0,-20,164
704,0,-20,164
705,0,-20,164
706,0,-20,164
707,0,-20,164
708,0,-20,164
709,0,-20,164
710,0,-20,164
711,0,-20,164
712,0,-20,164
713,0,-20,164
714,0,-20,164
715,0,-20,164
716,0,-20,164
717,0,-20,164
718,0,-20,164
719,0,-20,164
720,0,-20,164
721,0,-20,164
722,0,-20,164
723,0,-20,164
724,0,-20,164
725,0,-20,164
726,0,-20,164
727,0,-20,164
728,0,-20,164
729,0,-20,164
730,0,-20,164
731,0,-20,164
732,0,-20,164
733,0,-20,164
734,0,-20,164
735,0,-20,164
736,0,-20,164
737,0,-20,164
738,0,-20,164
739,0,-20,164
740,0,-20,164
741,0,-20,164
742,0,-20,164
743,0,-20,164
744,0,-20,164
745,0,-20,164
746,0,-20,164
747,0,-20,164
748,0,-20,164
749,0,-20,164
750,0,-20,164
751,0,-20,164
752,0,-20,164
753,0,-20,164
754,0,-20,164
755,0,-20,164
756,0,-20,164
757,0,-20,164
758,0,-20,164
759,0,-20,164
760,0,-20,164
761,0,-20,164
762,0,-20,164
763,0,-20,164
764,0,-20,164
765,0,-20,164
766,0,-20,164
767,0,-20,164
768,0,-20,164
769,0,-20,164
770,0,-20,164
771,0,-20,164
772,0,-20,164
773,0,-20,164
774,0,-20,164
775,0,-20,164
776,0,-20,164
777,0,-20,164
778,0,-20,164
779,0,-20,164
780,0,-20,164
781,0,-20,164
782,0,-20,164
783,0,-20,164
784,0,-20,164
785,0,-20,164
786,0,-20,164
787,0,-20,164
788,0,-20,164
789,0,-20,164
790,0,-20,164
791,0,-20,164
792,0,-20,164
793,0,-20,164
794,0,-20,164
795,0,-20,164
796,0,-20,164
797,0,-20,164
798,0,-20,164
799,0,-20,164
800,0,-20,164
801,0,-20,164
802,0,-20,164
803,0,-20,164
804,0,-20,164
805,0,-20,164
806,0,-20,164
807,0,-20,164
808,0,-20,164
809,0,-20,164
810,0,-20,164
811,0,-20,164
812,0,-20,164
813,0,-20,164
814,0,-20,164
815,0,-20,164
816,0,-20,164
817,0,-20,164
818,0,-20,164
819,0,-20,164
820,0,-20,164
821,0,-20,164
822,0,-20,164
823,0,-20,164
824,0,-20,164
825,0,-20,164
826,0,-20,164
827,0,-20,164
828,0,-20,164
829,0,-20,164
830,0,-20,164
831,0,-20,164
832,0,-20,164
833,0,-20,164
834,0,-20,164
835,0,-20,164
836,0,-20,164
837,0,-20,164
838,0,-20,164
839,0,-20,164
840,0,-20,164
841,0,-20,164
842,0,-20,164
843,0,-20,164
844,0,-20,164
845,0,-20,164
846,0,-20,164
847,0,-20,164
848,0,-20,164
849,0,-20,164
850,0,-20,164
851,0,-20,164
852,0,-20,164
853,0,-20,164
854,0,-20,164
855,0,-20,164
856,0,-20,164
857,0,-20,164
858,0,-20,164
859,0,-20,164
860,0,-20,164
861,0,-20,164
862,0,-20,164
863,0,-20,164
864,0,-20,164
865,0,-20,164
866,0,-20,164
867,0,-20,164
868,0,-20,164
869,0,-20,164
870,0,-20,164
871,0,-20,164
872,0,-20,164
873,0,-20,164
874,0,-20,164
875,0,-20,164
876,0,-20,164
877,0,-20,164
878,0,-20,164
879,0,-20,164
880,0,-20,164
881,0,-20,164
882,0,-20,164
883,0,-20,164
884,0,-20,164
885,0,-20,164
886,0,-20,164
887,0,-20,164
888,0,-20,164
889,0,-20,164
890,0,-20,164
891,0,-20,164
892,0,-20,164
893,0,-20,164
894,0,-20,164
895,0,-20,164
896,0,-20,164
897,0,-20,164
898,0,-20,164
899,0,-20,164
900,0,-20,164
901,0,-20,164
902,0,-20,164
903,0,-20,164
904,0,-20,164
905,0,-20,164
906,0,-20,164
907,0,-20,164
908,0,-20,164
909,0,-20,164
910,0,-20,164
911,0,-20,164
912,0,-20,164
913,0,-20,164
914,0,-20,164
915,0,-20,164
916,0,-20,164
917,0,-20,164
918,0,-20,164
919,0,-20,164
920,0,-20,164
921,0,-20,164
922,0,-20,164
923,0,-20,164
924,0,-20,164
925,0,-20,164
926,0,-20,164
927,0,-20,164
928,0,-20,164
929,0,-20,164
930,0,-20,164
931,0,-20,164
932,0,-20,164
933,0,-20,164
934,0,-20,164
935,0,-20,164
936,0,-20,164
937,0,-20,164
938,0,-20,164
939,0,-20,164
940,0,-20,164
941,0,-20,164
942,0,-20,164
943,0,-20,164
944,0,-20,164
945,0,-20,164
946,0,-20,164
947,0,-20,164
948,0,-20,164
949,0,-20,164
950,0,-20,164
951,0,-20,164
952,0,-20,164
953,0,-20,164
954,0,-20,164
955,0,-20,164
956,0,-20,164
957,0,-20,164
958,0,-20,164
959,0,-20,164
960,0,-20,164
961,0,-20,164
962,0,-20,164
963,0,-20,164
964,0,-20,164
965,0,-20,164
966,0,-20,164
967,0,-20,164
968,0,-20,164
969,0,-20,164
970,0,-20,164
971,0,-20,164
972,0,-20,164
973,0,-20,164
974,0,-20,164
975,0,-20,164
976,0,-20,164
977,0,-20,164
978,0,-20,164
979,0,-20,164
980,0,-20,164
981,0,-20,164
982,0,-20,164
983,0,-20,164
984,0,-20,164
985,0,-20,164
986,0,-20,164
987,0,-20,164
988,0,-20,164
989,0,-20,164
990,0,-20,164
991,0,-20,164
992,0,-20,164
993,0,-20,164
994,0,-20,164
995,0,-20,164
996,0,-20,164
997,0,-20,164
998,0,-20,164
999,0,-20,164
1000,0,-20,164
1001,300,-20,164
1002,300,-20,164
1003,300,-20,164
1004,300,-20,164
1005,300,-20,164
1006,300,-20,164
1007,300,-20,164
1008,300,-20,164
1009,300,-20,164
1010,300,-20,164
1011,300,-20,164
1012,300,-20,164
1013,300,-20,164
1014,300,-20,165
1015,300,-20,168
1016,300,-20,169
1017,300,-20,172
1018,300,-19,175
1019,300,-15,179
1020,300,-6,184
1021,300,7,191
1022,300,22,201
1023,300,39,214
1024,300,55,229
1025,300,70,245
1026,300,87,263
1027,300,104,283
1028,300,120,305
1029,300,136,330
1030,300,152,355
1031,300,169,383
1032,300,187,410
1033,300,209,435
1034,300,234,459
1035,300,261,477
1036,300,286,494
1037,300,307,511
1038,300,323,530
1039,300,339,551
1040,300,361,575
1041,300,389,599
1042,300,416,621
1043,300,440,643
1044,300,459,668
1045,300,479,694
1046,300,502,723
1047,300,528,756
1048,300,555,789
1049,300,581,823
1050,300,606,857
1051,300,631,892
1052,300,656,928
1053,300,681,963
1054,300,706,998
1055,300,733,1035
1056,300,762,1072
1057,300,791,1108
1058,300,821,1145
1059,300,854,1182
1060,300,886,1221
1061,300,918,1258
1062,300,947,1297
1063,300,976,1334
1064,300,1006,1370
1065,300,1038,1404
1066,300,1071,1441
1067,300,1104,1481
1068,300,1139,1519
1069,300,1175,1557
1070,300,1211,1599
1071,300,1250,1638
1072,300,1291,1681
1073,300,1331,1725
1074,300,1366,1765
1075,300,1400,1805
1076,300,1431,1850
1077,300,1463,1895
1078,300,1500,1940
1079,300,1539,1987
1080,300,1578,2031
1081,300,1616,2074
1082,300,1652,2121
1083,300,1688,2168
1084,300,1722,2212
1085,300,1756,2257
1086,300,1792,2304
1087,300,1831,2349
1088,300,1870,2394
1089,300,1908,2439
1090,300,1949,2484
1091,300,1990,2531
1092,300,2032,2577
1093,300,2071,2623
1094,300,2111,2672
1095,300,2150,2718
1096,300,2189,2765
1097,300,2229,2814
1098,300,2272,2862
1099,300,2317,2907
1100,300,2363,2951
1101,300,2408,2999
1102,300,2452,3048
1103,300,2496,3098
1104,300,2539,3146
1105,300,2582,3192
1106,300,2623,3238
1107,300,2666,3289
1108,300,2708,3337
1109,300,2752,3384
1110,300,2798,3433
1111,300,2844,3484
1112,300,2888,3530
1113,300,2933,3575
1114,300,2977,3628
1115,300,3026,3680
1116,300,3076,3729
1117,300,3125,3775
1118,300,3173,3823
1119,300,3219,3872
1120,300,3265,3926
1121,300,3312,3979
1122,300,3361,4027
1123,300,3410,4073
1124,300,3460,4125
1125,300,3510,4174
1126,300,3560,4224
1127,300,3608,4280
1128,300,3656,4333
1129,300,3706,4382
1130,300,3759,4432
1131,300,3808,4481
1132,300,3855,4531
1133,300,3903,4583
1134,300,3953,4635
1135,300,4005,4682
1136,300,4058,4731
1137,300,4112,4777
1138,300,4164,4828
1139,300,4215,4880
1140,300,4266,4928
1141,300,4320,4976
1142,300,4377,5025
1143,300,4432,5084
1144,300,4488,5143
1145,300,4542,5196
1146,300,4597,5246
1147,300,4650,5296
1148,300,4705,5341
1149,300,4760,5400
1150,300,4817,5458
1151,300,4873,5516
1152,300,4931,5569
1153,300,4989,5619
1154,300,5046,5668
1155,300,5104,5724
1156,300,5162,5782
1157,300,5220,5841
1158,300,5278,5893
1159,300,5337,5943
1160,300,5396,6001
1161,300,5454,6058
1162,300,5513,6116
1163,300,5572,6173
1164,300,5631,6227
1165,300,5690,6284
1166,300,5749,6342
1167,300,5810,6403
1168,300,5873,6462
1169,300,5937,6519
1170,300,6001,6581
1171,300,6065,6647
1172,300,6129,6712
1173,300,6193,6778
1174,300,6255,6843
1175,300,6317,6907
1176,300,6378,6970
1177,300,6439,7039
1178,300,6501,7111
1179,300,6563,7181
1180,300,6624,7249
1181,300,6685,7316
1182,300,6746,7384
1183,300,6807,7458
1184,300,6869,7534
1185,300,6933,7605
1186,300,6999,7674
1187,300,7066,7750
1188,300,7132,7828
1189,300,7198,7905
1190,300,7264,7975
1191,300,7330,8052
1192,300,7397,8131
1193,300,7464,8212
1194,300,7530,8289
1195,300,7597,8362
1196,300,7662,8439
1197,300,7727,8517
1198,300,7793,8595
1199,300,7860,8675
1200,300,7925,8747
1201,300,7991,8824
1202,300,8058,8906
1203,300,8127,8984
1204,300,8195,9063
1205,300,8263,9137
1206,300,8331,9214
1207,300,8398,9295
1208,300,8463,9374
1209,300,8527,9447
1210,300,8591,9518
1211,300,8653,9598
1212,300,8715,9673
1213,300,8775,9746
1214,300,8833,9818
1215,300,8891,9891
1216,300,8951,9964
1217,300,9013,10037
1218,300,9079,10108
1219,300,9149,10177
1220,300,9221,10246
1221,300,9294,10321
1222,300,9367,10395
1223,300,9437,10466
1224,300,9505,10539
1225,300,9568,10617
1226,300,9629,10687
1227,300,9690,10750
1228,300,9750,10816
1229,300,9810,10893
1230,300,9871,10973
1231,300,9932,11048
1232,300,9995,11119
1233,300,10062,11188
1234,300,10130,11254
1235,300,10198,11324
1236,300,10265,11396
1237,300,10330,11466
1238,300,10397,11532
1239,300,10463,11600
1240,300,10529,11672
1241,300,10595,11745
1242,300,10662,11815
1243,300,10730,11882
1244,300,10799,11947
1245,300,10867,12009
1246,300,10935,12074
1247,300,11003,12149
1248,300,11073,12225
1249,300,11143,12298
1250,300,11215,12369
1251,300,11286,12427
1252,300,11356,12485
1253,300,11426,12554
1254,300,11498,12623
1255,300,11570,12678
1256,300,11641,12731
1257,300,11713,12792
1258,300,11785,12858
1259,300,11858,12926
1260,300,11933,12985
1261,300,12008,13045
1262,300,12083,13115
1263,300,12157,13186
1264,300,12230,13250
1265,300,12305,13317
1266,300,12380,13387
1267,300,12457,13458
1268,300,12535,13523
1269,300,12616,13584
1270,300,12696,13652
1271,300,12775,13728
1272,300,12855,13802
1273,300,12935,13869
1274,300,13014,13932
1275,300,13093,14000
1276,300,13172,14073
1277,300,13253,14148
1278,300,13334,14222
1279,300,13415,14295
1280,300,13496,14368
1281,300,13576,14441
1282,300,13656,14512
1283,300,13737,14584
1284,300,13818,14658
1285,300,13899,14734
1286,300,13981,14811
1287,300,14064,14886
1288,300,14145,14962
1289,300,14226,15040
1290,300,14306,15119
1291,300,14385,15199
1292,300,14467,15278
1293,300,14553,15358
1294,300,14640,15439
1295,300,14725,15521
1296,300,14807,15600
1297,300,14887,15680
1298,300,14967,15761
1299,300,15048,15843
1300,300,15129,15923
1301,300,15210,16005
1302,300,15291,16087
1303,300,15373,16174
1304,300,15454,16258
1305,300,15533,16344
1306,300,15610,16428
1307,300,15686,16514
1308,300,15764,16599
1309,300,15846,16687
1310,300,15928,16776
1311,300,16006,16862
1312,300,16079,16950
1313,300,16152,17038
1314,300,16227,17128
1315,300,16306,17219
1316,300,16386,17311
1317,300,16464,17400
1318,300,16539,17487
1319,300,16617,17576
1320,300,16695,17667
1321,300,16774,17758
1322,300,16853,17850
1323,300,16929,17939
1324,300,17006,18027
1325,300,17083,18114
1326,300,17158,18202
1327,300,17231,18289
1328,300,17308,18376
1329,300,17385,18461
1330,300,17459,18544
1331,300,17532,18626
1332,300,17606,18708
1333,300,17682,18790
1334,300,17758,18871
1335,300,17833,18952
1336,300,17909,19031
1337,300,17985,19108
1338,300,18059,19183
1339,300,18129,19263
1340,300,18198,19345
1341,300,18272,19420
1342,300,18346,19493
1343,300,18421,19565
1344,300,18495,19636
1345,300,18569,19709
1346,300,18641,19783
1347,300,18710,19856
1348,300,18778,19930
1349,300,18852,20001
1350,300,18932,20070
1351,300,19008,20141
1352,300,19079,20218
1353,300,19150,20297
1354,300,19225,20372
1355,300,19302,20444
1356,300,19380,20513
1357,300,19456,20578
1358,300,19533,20649
1359,300,19611,20726
1360,300,19688,20802
1361,300,19767,20877
1362,300,19848,20956
1363,300,19928,21024
1364,300,20005,21090
1365,300,20078,21166
1366,300,20151,21241
1367,300,20226,21313
1368,300,20302,21383
1369,300,20380,21455
1370,300,20462,21533
1371,300,20544,21610
1372,300,20624,21685
1373,300,20703,21754
1374,300,20783,21829
1375,300,20865,21907
1376,300,20947,21982
1377,300,21029,22055
1378,300,21112,22129
1379,300,21195,22207
1380,300,21277,22283
1381,300,21358,22360
1382,300,21439,22437
1383,300,21521,22516
1384,300,21603,22593
1385,300,21686,22668
1386,300,21769,22746
1387,300,21852,22825
1388,300,21933,22905
1389,300,22014,22987
1390,300,22095,23072
1391,300,22175,23162
1392,300,22255,23248
1393,300,22334,23332
1394,300,22414,23418
1395,300,22494,23507
1396,300,22574,23597
1397,300,22653,23687
1398,300,22733,23772
1399,300,22813,23861
1400,300,22892,23960
1401,300,22974,24049
1402,300,23057,24134
1403,300,23143,24227
1404,300,23230,24324
1405,300,23318,24418
1406,300,23404,24506
1407,300,23489,24606
1408,300,23573,24705
1409,300,23658,24794
1410,300,23743,24885
1411,300,23828,24985
1412,300,23912,25085
1413,300,23996,25178
1414,300,24080,25267
1415,300,24165,25369
1416,300,24248,25468
1417,300,24330,25558
1418,300,24413,25651
1419,300,24496,25750
1420,300,24578,25842
1421,300,24659,25925
1422,300,24741,26015
1423,300,24824,26111
1424,300,24906,26201
1425,300,24988,26286
1426,300,25069,26374
1427,300,25149,26464
1428,300,25226,26549
1429,300,25304,26629
1430,300,25383,26716
1431,300,25462,26804
1432,300,25542,26890
1433,300,25622,26970
1434,300,25703,27052
1435,300,25783,27138
1436,300,25862,27222
1437,300,25941,27305
1438,300,26018,27390
1439,300,26094,27474
1440,300,26167,27556
1441,300,26241,27632
1442,300,26315,27711
1443,300,26389,27796
1444,300,26466,27874
1445,300,26544,27946
1446,300,26625,28025
1447,300,26704,28111
1448,300,26780,28195
1449,300,26857,28270
1450,300,26938,28343
1451,300,27018,28408
1452,300,27098,28473
1453,300,27178,28542
1454,300,27260,28614
1455,300,27342,28690
1456,300,27424,28761
1457,300,27506,28833
1458,300,27588,28912
1459,300,27669,28996
1460,300,27750,29077
1461,300,27832,29152
1462,300,27915,29229
1463,300,27997,29308
1464,300,28081,29378
1465,300,28165,29443
1466,300,28248,29516
1467,300,28331,29596
1468,300,28414,29674
1469,300,28501,29753
1470,300,28591,29834
1471,300,28677,29911
1472,300,28763,29985
1473,300,28852,30065
1474,300,28944,30150
1475,300,29036,30232
1476,300,29127,30307
1477,300,29219,30381
1478,300,29310,30458
1479,300,29402,30542
1480,300,29494,30626
1481,300,29585,30707
1482,300,29678,30787
1483,300,29769,30866
1484,300,29860,30945
1485,300,29951,31026
1486,300,30042,31110
1487,300,30133,31197
1488,300,30225,31284
1489,300,30317,31371
1490,300,30407,31456
1491,300,30495,31542
1492,300,30584,31634
1493,300,30673,31723
1494,300,30764,31813
1495,300,30855,31905
1496,300,30949,31996
1497,300,31046,32087
1498,300,31140,32177
1499,300,31227,32270
1500,300,31312,32365
1501,300,31400,32456
1502,300,31491,32547
1503,300,31582,32641
1504,300,31672,32738
1505,300,31760,32831
1506,300,31849,32925
1507,300,31938,33021
1508,300,32024,33117
1509,300,32109,33212
1510,300,32195,33306
1511,300,32281,33401
1512,300,32368,33495
1513,300,32455,33591
1514,300,32540,33687
1515,300,32625,33779
1516,300,32714,33872
1517,300,32801,33964
1518,300,32884,34058
1519,300,32965,34150
1520,300,33048,34244
1521,300,33132,34340
1522,300,33218,34435
1523,300,33303,34529
1524,300,33387,34623
1525,300,33468,34717
1526,300,33549,34810
1527,300,33632,34901
1528,300,33719,34989
1529,300,33802,35077
1530,300,33885,35164
1531,300,33967,35249
1532,300,34049,35336
1533,300,34131,35421
1534,300,34211,35500
1535,300,34291,35580
1536,300,34371,35667
1537,300,34451,35754
1538,300,34531,35836
1539,300,34610,35916
1540,300,34688,35993
1541,300,34764,36067
1542,300,34837,36141
1543,300,34909,36213
1544,300,34983,36290
1545,300,35058,36374
1546,300,35134,36455
1547,300,35213,36532
1548,300,35297,36610
1549,300,35379,36690
1550,300,35458,36775
1551,300,35536,36858
1552,300,35613,36937
1553,300,35693,37009
1554,300,35772,37078
1555,300,35849,37151
1556,300,35928,37231
1557,300,36009,37312
1558,300,36091,37391
1559,300,36173,37464
1560,300,36255,37540
1561,300,36339,37621
1562,300,36419,37696
1563,300,36500,37770
1564,300,36581,37845
1565,300,36663,37925
1566,300,36744,38004
1567,300,36829,38083
1568,300,36918,38164
1569,300,37004,38245
1570,300,37088,38326
1571,300,37173,38402
1572,300,37260,38479
1573,300,37347,38558
1574,300,37435,38640
1575,300,37524,38720
1576,300,37610,38802
1577,300,37696,38883
1578,300,37782,38965
1579,300,37868,39046
1580,300,37954,39130
1581,300,38040,39213
1582,300,38127,39293
1583,300,38213,39376
1584,300,38298,39463
1585,300,38382,39556
1586,300,38466,39645
1587,300,38551,39731
1588,300,38634,39824
1589,300,38718,39920
1590,300,38802,40015
1591,300,38885,40105
1592,300,38970,40194
1593,300,39054,40292
1594,300,39139,40393
1595,300,39226,40485
1596,300,39313,40579
1597,300,39403,40682
1598,300,39493,40781
1599,300,39583,40873
1600,300,39671,40974
1601,300,39760,41080
1602,300,39850,41178
1603,300,39939,41273
1604,300,40029,41376
1605,300,40118,41480
1606,300,40207,41579
1607,300,40295,41677
1608,300,40383,41780
1609,300,40470,41878
1610,300,40556,41974
1611,300,40641,42074
1612,300,40726,42171
1613,300,40810,42265
1614,300,40895,42361
1615,300,40978,42457
1616,300,41061,42549
1617,300,41145,42637
1618,300,41228,42728
1619,300,41310,42822
1620,300,41393,42915
1621,300,41478,43001
1622,300,41563,43088
1623,300,41647,43177
1624,300,41730,43267
1625,300,41812,43350
1626,300,41894,43430
1627,300,41975,43513
1628,300,42059,43599
1629,300,42145,43687
1630,300,42229,43777
1631,300,42310,43865
1632,300,42386,43950
1633,300,42460,44028
1634,300,42531,44110
1635,300,42601,44196
1636,300,42672,44275
1637,300,42746,44347
1638,300,42828,44422
1639,300,42913,44503
1640,300,42997,44580
1641,300,43079,44651
1642,300,43159,44718
1643,300,43241,44786
1644,300,43325,44862
1645,300,43409,44944
1646,300,43494,45023
1647,300,43580,45095
1648,300,43666,45163
1649,300,43751,45240
1650,300,43833,45329
1651,300,43914,45419
1652,300,43998,45498
1653,300,44083,45577
1654,300,44170,45659
1655,300,44254,45735
1656,300,44337,45806
1657,300,44419,45881
1658,300,44504,45961
1659,300,44590,46044
1660,300,44676,46129
1661,300,44761,46215
1662,300,44852,46298
1663,300,44943,46377
1664,300,45033,46455
1665,300,45121,46535
1666,300,45212,46614
1667,300,45308,46691
1668,300,45403,46766
1669,300,45496,46845
1670,300,45590,46931
1671,300,45683,47021
1672,300,45777,47106
1673,300,45871,47187
1674,300,45965,47264
1675,300,46058,47347
1676,300,46152,47435
1677,300,46247,47525
1678,300,46342,47612
1679,300,46436,47700
1680,300,46530,47790
1681,300,46624,47879
1682,300,46717,47970
1683,300,46809,48061
1684,300,46902,48155
1685,300,46997,48249
1686,300,47092,48344
1687,300,47186,48439
1688,300,47282,48533
1689,300,47378,48631
1690,300,47473,48732
1691,300,47566,48829
1692,300,47659,48922
1693,300,47752,49016
1694,300,47846,49112
1695,300,47939,49207
1696,300,48032,49306
1697,300,48120,49407
1698,300,48209,49509
1699,300,48298,49605
1700,300,48388,49701
1701,300,48475,49800
1702,300,48563,49895
1703,300,48650,49991
1704,300,48737,50087
1705,300,48821,50183
1706,300,48904,50279
1707,300,48990,50374
1708,300,49079,50469
1709,300,49167,50562
1710,300,49254,50657
1711,300,49341,50753
1712,300,49429,50849
1713,300,49517,50944
1714,300,49604,51037
1715,300,49690,51131
1716,300,49777,51225
1717,300,49863,51316
1718,300,49946,51408
1719,300,50027,51498
1720,300,50115,51585
1721,300,50202,51670
1722,300,50290,51755
1723,300,50378,51837
1724,300,50464,51916
1725,300,50549,51999
1726,300,50632,52083
1727,300,50715,52163
1728,300,50798,52239
1729,300,50880,52315
1730,300,50958,52394
1731,300,51033,52476
1732,300,51108,52565
1733,300,51179,52650
1734,300,51253,52730
1735,300,51330,52804
1736,300,51407,52879
1737,300,51484,52960
1738,300,51562,53040
1739,300,51647,53119
1740,300,51733,53199
1741,300,51816,53279
1742,300,51895,53356
1743,300,51973,53439
1744,300,52052,53524
1745,300,52133,53607
1746,300,52214,53682
1747,300,52297,53754
1748,300,52381,53833
1749,300,52464,53914
1750,300,52545,53995
1751,300,52626,54071
1752,300,52709,54145
1753,300,52791,54218
1754,300,52875,54295
1755,300,52960,54377
1756,300,53044,54459
1757,300,53127,54537
1758,300,53210,54617
1759,300,53296,54699
1760,300,53384,54780
1761,300,53472,54858
1762,300,53559,54939
1763,300,53644,55021
1764,300,53730,55102
1765,300,53817,55184
1766,300,53905,55267
1767,300,53993,55347
1768,300,54079,55426
1769,300,54165,55512
1770,300,54249,55598
1771,300,54333,55683
1772,300,54419,55764
1773,300,54507,55849
1774,300,54596,55940
1775,300,54686,56027
1776,300,54775,56116
1777,300,54864,56207
1778,300,54951,56307
1779,300,55039,56403
1780,300,55127,56494
1781,300,55215,56583
1782,300,55302,56685
1783,300,55390,56786
1784,300,55478,56878
1785,300,55565,56977
1786,300,55653,57076
1787,300,55741,57179
1788,300,55829,57277
1789,300,55917,57380
1790,300,56005,57482
1791,300,56091,57574
1792,300,56178,57670
1793,300,56265,57776
1794,300,56354,57882
1795,300,56444,57977
1796,300,56535,58081
1797,300,56624,58183
1798,300,56712,58281
1799,300,56800,58372
1800,300,56887,58471
1801,300,56974,58571
1802,300,57061,58662
1803,300,57147,58753
1804,300,57233,58851
1805,300,57319,58948
1806,300,57405,59039
1807,300,57491,59127
1808,300,57577,59218
1809,300,57662,59310
1810,300,57745,59400
1811,300,57829,59490
1812,300,57913,59580
1813,300,57997,59670
1814,300,58082,59757
1815,300,58167,59839
1816,300,58252,59920
1817,300,58338,60001
1818,300,58423,60089
1819,300,58508,60182
1820,300,58592,60268
1821,300,58677,60342
1822,300,58760,60419
1823,300,58842,60511
1824,300,58921,60599
1825,300,58999,60672
1826,300,59078,60739
1827,300,59158,60817
1828,300,59239,60898
1829,300,59322,60972
1830,300,59404,61047
1831,300,59488,61120
1832,300,59571,61190
1833,300,59653,61268
1834,300,59733,61350
1835,300,59813,61434
1836,300,59896,61513
1837,300,59978,61592
1838,300,60062,61676
1839,300,60146,61766
1840,300,60229,61853
1841,300,60315,61930
1842,300,60402,62012
1843,300,60489,62096
1844,300,60575,62171
1845,300,60660,62246
1846,300,60746,62321
1847,300,60834,62395
1848,300,60922,62472
1849,300,61010,62553
1850,300,61095,62636
1851,300,61180,62718
1852,300,61267,62801
1853,300,61356,62879
1854,300,61443,62954
1855,300,61531,63027
1856,300,61622,63103
1857,300,61715,63186
1858,300,61807,63271
1859,300,61900,63353
1860,300,61996,63437
1861,300,62090,63523
1862,300,62184,63608
1863,300,62278,63694
1864,300,62373,63782
1865,300,62469,63869
1866,300,62565,63956
1867,300,62660,64043
1868,300,62755,64134
1869,300,62848,64228
1870,300,62942,64323
1871,300,63036,64416
1872,300,63132,64509
1873,300,63227,64603
1874,300,63320,64698
1875,300,63410,64793
1876,300,63501,64887
1877,300,63595,64980
1878,300,63691,65074
1879,300,63788,65168
1880,300,63884,65263
1881,300,63978,65360
1882,300,64070,65462
1883,300,64160,65562
1884,300,64252,65653
1885,300,64345,65749
1886,300,64438,65851
1887,300,64530,65955
1888,300,64624,66055
1889,300,64716,66149
1890,300,64806,66241
1891,300,64896,66339
1892,300,64988,66439
1893,300,65079,66538
1894,300,65167,66635
1895,300,65255,66730
1896,300,65341,66825
1897,300,65426,66921
1898,300,65512,67018
1899,300,65598,67115
1900,300,65685,67210
1901,300,65771,67302
1902,300,65858,67396
1903,300,65944,67490
1904,300,66030,67581
1905,300,66116,67671
1906,300,66199,67757
1907,300,66280,67845
1908,300,66362,67929
1909,300,66449,68011
1910,300,66537,68097
1911,300,66622,68186
1912,300,66703,68273
1913,300,66785,68361
1914,300,66868,68443
1915,300,66951,68520
1916,300,67032,68597
1917,300,67114,68674
1918,300,67195,68748
1919,300,67277,68821
1920,300,67361,68899
1921,300,67446,68984
1922,300,67531,69068
1923,300,67615,69151
1924,300,67699,69235
1925,300,67781,69318
1926,300,67861,69399
1927,300,67937,69478
1928,300,68011,69559
1929,300,68087,69645
1930,300,68163,69729
1931,300,68239,69813
1932,300,68314,69900
1933,300,68389,69984
1934,300,68469,70062
1935,300,68552,70139
1936,300,68639,70214
1937,300,68726,70288
1938,300,68809,70368
1939,300,68891,70445
1940,300,68975,70520
1941,300,69061,70593
1942,300,69148,70670
1943,300,69234,70751
1944,300,69320,70832
1945,300,69407,70909
1946,300,69495,70990
1947,300,69581,71071
1948,300,69668,71148
1949,300,69755,71225
1950,300,69843,71307
1951,300,69931,71390
1952,300,70020,71471
1953,300,70107,71553
1954,300,70194,71636
1955,300,70280,71719
1956,300,70366,71802
1957,300,70452,71884
1958,300,70537,71970
1959,300,70621,72058
1960,300,70705,72144
1961,300,70788,72227
1962,300,70873,72315
1963,300,70959,72408
1964,300,71045,72497
1965,300,71131,72584
1966,300,71217,72675
1967,300,71302,72765
1968,300,71386,72863
1969,300,71471,72957
1970,300,71556,73048
1971,300,71641,73141
1972,300,71727,73233
1973,300,71814,73332
1974,300,71900,73438
1975,300,71989,73535
1976,300,72079,73624
1977,300,72172,73723
1978,300,72266,73829
1979,300,72359,73923
1980,300,72451,74019
1981,300,72543,74121
1982,300,72634,74226
1983,300,72726,74324
1984,300,72819,74417
1985,300,72911,74521
1986,300,73002,74627
1987,300,73090,74724
1988,300,73177,74823
1989,300,73263,74924
1990,300,73349,75022
1991,300,73436,75120
1992,300,73523,75220
1993,300,73611,75319
1994,300,73697,75410
1995,300,73783,75504
1996,300,73870,75597
1997,300,73955,75689
1998,300,74040,75775
1999,300,74124,75866
2000,300,74208,75960
2001,0,74293,76052
2002,0,74375,76136
2003,0,74458,76222
2004,0,74541,76311
2005,0,74625,76393
2006,0,74709,76477
2007,0,74791,76563
2008,0,74875,76647
2009,0,74957,76723
2010,0,75037,76799
2011,0,75116,76879
2012,0,75195,76957
2013,0,75276,77029
2014,0,75353,77104
2015,0,75432,77186
2016,0,75510,77268
2017,0,75589,77344
2018,0,75666,77420
2019,0,75741,77495
2020,0,75818,77567
2021,0,75896,77638
2022,0,75974,77713
2023,0,76050,77790
2024,0,76128,77866
2025,0,76207,77941
2026,0,76288,78017
2027,0,76369,78091
2028,0,76449,78166
2029,0,76530,78244
2030,0,76610,78327
2031,0,76689,78413
2032,0,76770,78495
2033,0,76851,78571
2034,0,76933,78642
2035,0,77013,78710
2036,0,77093,78776
2037,0,77175,78846
2038,0,77256,78924
2039,0,77337,79006
2040,0,77420,79086
2041,0,77502,79161
2042,0,77585,79235
2043,0,77667,79311
2044,0,77749,79388
2045,0,77833,79463
2046,0,77917,79537
2047,0,78004,79612
2048,0,78089,79690
2049,0,78173,79769
2050,0,78259,79847
2051,0,78344,79923
2052,0,78429,79998
2053,0,78516,80075
2054,0,78602,80152
2055,0,78689,80227
2056,0,78776,80303
2057,0,78862,80381
2058,0,78949,80458
2059,0,79037,80535
2060,0,79123,80609
2061,0,79207,80689
2062,0,79290,80774
2063,0,79373,80860
2064,0,79455,80942
2065,0,79535,81024
2066,0,79614,81108
2067,0,79693,81192
2068,0,79772,81276
2069,0,79851,81359
2070,0,79928,81443
2071,0,80005,81527
2072,0,80085,81616
2073,0,80166,81705
2074,0,80242,81788
2075,0,80315,81867
2076,0,80390,81946
2077,0,80468,82028
2078,0,80546,82105
2079,0,80624,82184
2080,0,80700,82260
2081,0,80775,82334
2082,0,80851,82409
2083,0,80927,82486
2084,0,81004,82562
2085,0,81080,82637
2086,0,81154,82710
2087,0,81226,82782
2088,0,81299,82859
2089,0,81371,82935
2090,0,81442,83008
2091,0,81513,83080
2092,0,81585,83150
2093,0,81657,83222
2094,0,81725,83293
2095,0,81791,83365
2096,0,81858,83438
2097,0,81926,83507
2098,0,81992,83574
2099,0,82054,83639
2100,0,82116,83701
2101,0,82182,83761
2102,0,82250,83827
2103,0,82318,83895
2104,0,82382,83961
2105,0,82444,84026
2106,0,82505,84088
2107,0,82568,84146
2108,0,82630,84202
2109,0,82690,84257
2110,0,82748,84315
2111,0,82806,84378
2112,0,82864,84444
2113,0,82921,84512
2114,0,82979,84576
2115,0,83037,84638
2116,0,83094,84696
2117,0,83151,84752
2118,0,83209,84809
2119,0,83266,84866
2120,0,83322,84926
2121,0,83378,84987
2122,0,83437,85049
2123,0,83497,85110
2124,0,83552,85169
2125,0,83604,85227
2126,0,83655,85291
2127,0,83708,85353
2128,0,83765,85410
2129,0,83822,85465
2130,0,83876,85520
2131,0,83929,85575
2132,0,83983,85630
2133,0,84041,85682
2134,0,84097,85735
2135,0,84153,85788
2136,0,84208,85839
2137,0,84262,85895
2138,0,84316,85954
2139,0,84370,86013
2140,0,84425,86069
2141,0,84479,86121
2142,0,84530,86173
2143,0,84582,86226
2144,0,84634,86284
2145,0,84686,86343
2146,0,84739,86398
2147,0,84792,86450
2148,0,84847,86501
2149,0,84900,86554
2150,0,84953,86607
2151,0,85006,86658
2152,0,85061,86710
2153,0,85115,86761
2154,0,85167,86813
2155,0,85219,86862
2156,0,85274,86908
2157,0,85331,86955
2158,0,85387,87007
2159,0,85442,87062
2160,0,85497,87117
2161,0,85551,87169
2162,0,85606,87218
2163,0,85660,87269
2164,0,85714,87320
2165,0,85767,87374
2166,0,85820,87427
2167,0,85875,87478
2168,0,85933,87527
2169,0,85993,87579
2170,0,86051,87632
2171,0,86105,87687
2172,0,86158,87741
2173,0,86212,87793
2174,0,86267,87841
2175,0,86322,87891
2176,0,86376,87942
2177,0,86429,87993
2178,0,86483,88044
2179,0,86537,88094
2180,0,86592,88145
2181,0,86647,88196
2182,0,86700,88249
2183,0,86751,88304
2184,0,86802,88356
2185,0,86854,88409
2186,0,86906,88462
2187,0,86960,88515
2188,0,87014,88567
2189,0,87069,88622
2190,0,87123,88675
2191,0,87178,88726
2192,0,87232,88780
2193,0,87287,88835
2194,0,87342,88890
2195,0,87397,88943
2196,0,87451,88994
2197,0,87504,89048
2198,0,87558,89103
2199,0,87613,89157
2200,0,87666,89209
2201,0,87718,89262
2202,0,87769,89312
2203,0,87819,89365
2204,0,87869,89420
2205,0,87918,89475
2206,0,87968,89524
2207,0,88018,89573
2208,0,88067,89622
2209,0,88117,89673
2210,0,88165,89725
2211,0,88211,89780
2212,0,88255,89836
2213,0,88299,89886
2214,0,88343,89933
2215,0,88386,89984
2216,0,88432,90035
2217,0,88479,90085
2218,0,88526,90135
2219,0,88570,90188
2220,0,88611,90239
2221,0,88653,90288
2222,0,88699,90335
2223,0,88745,90384
2224,0,88788,90435
2225,0,88831,90487
2226,0,88876,90540
2227,0,88919,90588
2228,0,88963,90635
2229,0,89006,90682
2230,0,89048,90728
2231,0,89087,90773
2232,0,89127,90818
2233,0,89167,90865
2234,0,89209,90913
2235,0,89250,90958
2236,0,89292,91002
2237,0,89334,91045
2238,0,89377,91089
2239,0,89419,91133
2240,0,89458,91174
2241,0,89496,91215
2242,0,89534,91258
2243,0,89573,91303
2244,0,89613,91349
2245,0,89653,91392
2246,0,89692,91433
2247,0,89732,91474
2248,0,89771,91515
2249,0,89810,91556
2250,0,89849,91597
2251,0,89889,91639
2252,0,89929,91679
2253,0,89967,91718
2254,0,90004,91757
2255,0,90041,91799
2256,0,90078,91840
2257,0,90115,91880
2258,0,90153,91917
2259,0,90190,91956
2260,0,90227,91997
2261,0,90265,92034
2262,0,90301,92068
2263,0,90337,92103
2264,0,90374,92140
2265,0,90412,92176
2266,0,90449,92210
2267,0,90484,92243
2268,0,90517,92275
2269,0,90551,92308
2270,0,90584,92340
2271,0,90619,92371
2272,0,90653,92404
2273,0,90687,92437
2274,0,90722,92469
2275,0,90757,92500
2276,0,90792,92531
2277,0,90827,92563
2278,0,90860,92595
2279,0,90893,92625
2280,0,90925,92655
2281,0,90955,92684
2282,0,90981,92714
2283,0,91008,92746
2284,0,91034,92778
2285,0,91062,92812
2286,0,91091,92844
2287,0,91120,92877
2288,0,91149,92909
2289,0,91178,92941
2290,0,91207,92968
2291,0,91235,92991
2292,0,91264,93015
2293,0,91290,93043
2294,0,91316,93077
2295,0,91342,93109
2296,0,91370,93140
2297,0,91399,93169
2298,0,91427,93198
2299,0,91455,93228
2300,0,91483,93257
2301,0,91510,93280
2302,0,91537,93300
2303,0,91564,93325
2304,0,91592,93355
2305,0,91620,93387
2306,0,91648,93418
2307,0,91676,93447
2308,0,91705,93478
2309,0,91733,93508
2310,0,91762,93536
2311,0,91791,93563
2312,0,91819,93589
2313,0,91848,93613
2314,0,91876,93639
2315,0,91904,93666
2316,0,91931,93693
2317,0,91958,93719
2318,0,91986,93744
2319,0,92015,93769
2320,0,92044,93792
2321,0,92071,93814
2322,0,92098,93837
2323,0,92124,93860
2324,0,92151,93883
2325,0,92178,93905
2326,0,92204,93929
2327,0,92230,93953
2328,0,92255,93979
2329,0,92280,94003
2330,0,92305,94027
2331,0,92330,94050
2332,0,92355,94073
2333,0,92381,94099
2334,0,92408,94125
2335,0,92435,94151
2336,0,92461,94177
2337,0,92486,94203
2338,0,92511,94228
2339,0,92536,94254
2340,0,92561,94279
2341,0,92586,94302
2342,0,92613,94323
2343,0,92639,94343
2344,0,92664,94361
2345,0,92688,94377
2346,0,92713,94396
2347,0,92737,94419
2348,0,92762,94443
2349,0,92787,94466
2350,0,92811,94485
2351,0,92835,94502
2352,0,92859,94521
2353,0,92884,94546
2354,0,92908,94573
2355,0,92933,94598
2356,0,92956,94619
2357,0,92979,94641
2358,0,93000,94663
2359,0,93023,94685
2360,0,93046,94707
2361,0,93070,94728
2362,0,93093,94749
2363,0,93115,94769
2364,0,93136,94786
2365,0,93158,94802
2366,0,93181,94818
2367,0,93203,94836
2368,0,93226,94856
2369,0,93248,94877
2370,0,93269,94898
2371,0,93291,94916
2372,0,93312,94935
2373,0,93334,94953
2374,0,93355,94972
2375,0,93378,94990
2376,0,93400,95008
2377,0,93422,95026
2378,0,93444,95044
2379,0,93465,95060
2380,0,93487,95075
2381,0,93507,95089
2382,0,93527,95103
2383,0,93547,95118
2384,0,93568,95134
2385,0,93587,95152
2386,0,93606,95169
2387,0,93624,95186
2388,0,93641,95201
2389,0,93660,95217
2390,0,93679,95232
2391,0,93699,95247
2392,0,93719,95263
2393,0,93737,95280
2394,0,93756,95298
2395,0,93775,95315
2396,0,93794,95332
2397,0,93813,95347
2398,0,93831,95361
2399,0,93849,95373
2400,0,93867,95385
2401,0,93885,95398
2402,0,93903,95413
2403,0,93921,95430
2404,0,93938,95445
2405,0,93955,95461
2406,0,93972,95476
2407,0,93988,95491
2408,0,94005,95505
2409,0,94021,95520
2410,0,94037,95535
2411,0,94054,95550
2412,0,94070,95565
2413,0,94086,95580
2414,0,94103,95594
2415,0,94119,95608
2416,0,94136,95621
2417,0,94151,95633
2418,0,94167,95646
2419,0,94183,95658
2420,0,94199,95670
2421,0,94214,95682
2422,0,94229,95693
2423,0,94244,95703
2424,0,94258,95713
2425,0,94273,95723
2426,0,94287,95735
2427,0,94302,95747
2428,0,94317,95760
2429,0,94332,95772
2430,0,94347,95783
2431,0,94362,95794
2432,0,94376,95806
2433,0,94391,95817
2434,0,94406,95828
2435,0,94420,95838
2436,0,94434,95849
2437,0,94449,95859
2438,0,94463,95869
2439,0,94477,95879
2440,0,94490,95889
2441,0,94504,95900
2442,0,94517,95910
2443,0,94530,95920
2444,0,94542,95930
2445,0,94555,95940
2446,0,94568,95949
2447,0,94582,95958
2448,0,94594,95968
2449,0,94607,95978
2450,0,94620,95987
2451,0,94633,95996
2452,0,94645,96005
2453,0,94656,96014
2454,0,94669,96022
2455,0,94680,96031
2456,0,94692,96039
2457,0,94704,96048
2458,0,94714,96058
2459,0,94725,96066
2460,0,94735,96075
2461,0,94746,96083
2462,0,94756,96091
2463,0,94766,96099
2464,0,94776,96107
2465,0,94785,96114
2466,0,94795,96122
2467,0,94805,96129
2468,0,94814,96136
2469,0,94824,96143
2470,0,94834,96150
2471,0,94844,96156
2472,0,94854,96162
2473,0,94863,96169
2474,0,94872,96175
2475,0,94882,96181
2476,0,94891,96187
2477,0,94899,96193
2478,0,94908,96199
2479,0,94916,96204
2480,0,94924,96209
2481,0,94932,96214
2482,0,94940,96220
2483,0,94948,96225
2484,0,94956,96231
2485,0,94963,96235
2486,0,94971,96241
2487,0,94978,96246
2488,0,94985,96251
2489,0,94992,96257
2490,0,94999,96262
2491,0,95006,96267
2492,0,95012,96272
2493,0,95018,96277
2494,0,95024,96281
2495,0,95031,96285
2496,0,95037,96289
2497,0,95043,96293
2498,0,95050,96297
2499,0,95056,96300
2500,0,95062,96304
2501,0,95068,96308
2502,0,95074,96311
2503,0,95079,96315
2504,0,95085,96319
2505,0,95091,96322
2506,0,95097,96326
2507,0,95103,96329
2508,0,95108,96331
2509,0,95114,96334
2510,0,95120,96337
2511,0,95126,96341
2512,0,95132,96343
2513,0,95137,96345
2514,0,95142,96347
2515,0,95148,96349
2516,0,95152,96351
2517,0,95157,96353
2518,0,95162,96355
2519,0,95166,96356
2520,0,95170,96358
2521,0,95174,96359
2522,0,95178,96361
2523,0,95182,96362
2524,0,95186,96363
2525,0,95189,96364
2526,0,95192,96365
2527,0,95195,96366
2528,0,95198,96366
2529,0,95200,96367
2530,0,95203,96367
2531,0,95206,96367
2532,0,95208,96367
2533,0,95211,96367
2534,0,95214,96367
2535,0,95216,96367
2536,0,95218,96367
2537,0,95221,96367
2538,0,95223,96367
2539,0,95224,96367
2540,0,95226,96367
2541,0,95227,96367
2542,0,95229,96367
2543,0,95231,96366
2544,0,95232,96364
2545,0,95233,96363
2546,0,95235,96362
2547,0,95236,96361
2548,0,95237,96360
2549,0,95238,96359
2550,0,95238,96358
2551,0,95239,96357
2552,0,95240,96356
2553,0,95241,96356
2554,0,95241,96356
2555,0,95242,96355
2556,0,95242,96355
2557,0,95242,96355
2558,0,95242,96355
2559,0,95242,96355
2560,0,95242,96355
2561,0,95242,96355
2562,0,95242,96355
2563,0,95242,96355
2564,0,95242,96355
2565,0,95242,96355
2566,0,95242,96355
2567,0,95242,96355
2568,0,95242,96355
2569,0,95242,96355
2570,0,95242,96355
2571,0,95242,96355
2572,0,95242,96355
2573,0,95242,96355
2574,0,95242,96355
2575,0,95242,96355
2576,0,95242,96355
2577,0,95242,96355
2578,0,95242,96355
2579,0,95242,96355
2580,0,95242,96355
2581,0,95242,96355
2582,0,95242,96355
2583,0,95242,96355
2584,0,95242,96355
2585,0,95242,96355
2586,0,95242,96355
2587,0,95242,96355
2588,0,95241,96355
2589,0,95241,96355
2590,0,95241,96355
2591,0,95241,96355
2592,0,95241,96355
2593,0,95241,96355
2594,0,95241,96355
2595,0,95241,96355
2596,0,95241,96355
2597,0,95241,96355
2598,0,95241,96355
2599,0,95241,96355
2600,0,95241,96355
2601,0,95241,96355
2602,0,95241,96355
2603,0,95241,96355
2604,0,95241,96355
2605,0,95241,96355
2606,0,95241,96355
2607,0,95241,96355
2608,0,95241,96355
2609,0,95241,96355
2610,0,95241,96355
2611,0,95241,96355
2612,0,95241,96355
2613,0,95241,96355
2614,0,95241,96355
2615,0,95241,96355
2616,0,95241,96355
2617,0,95241,96355
2618,0,95241,96355
2619,0,95241,96355
2620,0,95241,96355
2621,0,95241,96355
2622,0,95241,96355
2623,0,95241,96355
2624,0,95241,96355
2625,0,95241,96355
2626,0,95241,96355
2627,0,95241,96355
2628,0,95241,96355
2629,0,95241,96355
2630,0,95241,96355
2631,0,95241,96355
2632,0,95241,96355
2633,0,95241,96355
2634,0,95241,96355
2635,0,95241,96355
2636,0,95241,96355
2637,0,95241,96355
2638,0,95241,96355
2639,0,95241,96355
2640,0,95241,96355
2641,0,95241,96355
2642,0,95241,96355
2643,0,95241,96355
2644,0,95241,96355
2645,0,95241,96355
2646,0,95241,96355
2647,0,95241,96355
2648,0,95241,96355
2649,0,95241,96355
2650,0,95241,96355
2651,0,95241,96355
2652,0,95241,96355
2653,0,95241,96355
2654,0,95241,96355
2655,0,95241,96355
2656,0,95241,96355
2657,0,95241,96355
2658,0,95241,96355
2659,0,95241,96355
2660,0,95241,96355
2661,0,95241,96355
2662,0,95241,96355
2663,0,95241,96355
2664,0,95241,96355
2665,0,95241,96355
2666,0,95241,96355
2667,0,95241,96355
2668,0,95241,96355
2669,0,95241,96355
2670,0,95241,96355
2671,0,95241,96355
2672,0,95241,96355
2673,0,95241,96355
2674,0,95241,96355
2675,0,95241,96355
2676,0,95241,96355
2677,0,95241,96355
2678,0,95241,96355
2679,0,95241,96355
2680,0,95241,96355
2681,0,95241,96355
2682,0,95241,96355
2683,0,95241,96355
2684,0,95241,96355
2685,0,95241,96355
2686,0,95241,96355
2687,0,95241,96355
2688,0,95241,96355
2689,0,95241,96355
2690,0,95241,96355
2691,0,95241,96355
2692,0,95241,96355
2693,0,95241,96355
2694,0,95241,96355
2695,0,95241,96355
2696,0,95241,96355
2697,0,95241,96355
2698,0,95241,96355
2699,0,95241,96355
2700,0,95241,96355
2701,0,95241,96355
2702,0,95241,96355
2703,0,95241,96355
2704,0,95241,96355
2705,0,95241,96355
2706,0,95241,96355
2707,0,95241,96355
2708,0,95241,96355
2709,0,95241,96355
2710,0,95241,96355
2711,0,95241,96355
2712,0,95241,96355
2713,0,95241,96355
2714,0,95241,96355
2715,0,95241,96355
2716,0,95241,96355
2717,0,95241,96355
2718,0,95241,96355
2719,0,95241,96355
2720,0,95241,96355
2721,0,95241,96355
2722,0,95241,96355
2723,0,95241,96355
2724,0,95241,96355
2725,0,95241,96355
2726,0,95241,96355
2727,0,95241,96355
2728,0,95241,96355
2729,0,95241,96355
2730,0,95241,96355
2731,0,95241,96355
2732,0,95241,96355
2733,0,95241,96355
2734,0,95241,96355
2735,0,95241,96355
2736,0,95241,96355
2737,0,95241,96355
2738,0,95241,96355
2739,0,95241,96355
2740,0,95241,96355
2741,0,95241,96355
2742,0,95241,96355
2743,0,95241,96355
2744,0,95241,96355
2745,0,95241,96355
2746,0,95241,96355
2747,0,95241,96355
2748,0,95241,96355
2749,0,95241,96355
2750,0,95241,96355
2751,0,95241,96355
2752,0,95241,96355
2753,0,95241,96355
2754,0,95241,96355
2755,0,95241,96355
2756,0,95241,96355
2757,0,95241,96355
2758,0,95241,96355
2759,0,95241,96355
2760,0,95241,96355
2761,0,95241,96355
2762,0,95241,96355
2763,0,95241,96355
2764,0,95241,96355
2765,0,95241,96355
2766,0,95241,96355
2767,0,95241,96355
2768,0,95241,96355
2769,0,95241,96355
2770,0,95241,96355
2771,0,95241,96355
2772,0,95241,96355
2773,0,95241,96355
2774,0,95241,96355
2775,0,95241,96355
2776,0,95241,96355
2777,0,95241,96355
2778,0,95241,96355
2779,0,95241,96355
2780,0,95241,96355
2781,0,95241,96355
2782,0,95241,96355
2783,0,95241,96355
2784,0,95241,96355
2785,0,95241,96355
2786,0,95241,96355
2787,0,95241,96355
2788,0,95241,96355
2789,0,95241,96355
2790,0,95241,96355
2791,0,95241,96355
2792,0,95241,96355
2793,0,95241,96355
2794,0,95241,96355
2795,0,95241,96355
2796,0,95241,96355
2797,0,95241,96355
2798,0,95241,96355
2799,0,95241,96355
2800,0,95241,96355
2801,0,95241,96355
2802,0,95241,96355
2803,0,95241,96355
2804,0,95241,96355
2805,0,95241,96355
2806,0,95241,96355
2807,0,95241,96355
2808,0,95241,96355
2809,0,95241,96355
2810,0,95241,96355
2811,0,95241,96355
2812,0,95241,96355
2813,0,95241,96355
2814,0,95241,96355
2815,0,95241,96355
2816,0,95241,96355
2817,0,95241,96355
2818,0,95241,96355
2819,0,95241,96355
2820,0,95241,96355
2821,0,95241,96355
2822,0,95241,96355
2823,0,95241,96355
2824,0,95241,96355
2825,0,95241,96355
2826,0,95241,96355
2827,0,95241,96355
2828,0,95241,96355
2829,0,95241,96355
2830,0,95241,96355
2831,0,95241,96355
2832,0,95241,96355
2833,0,95241,96355
2834,0,95241,96355
2835,0,95241,96355
2836,0,95241,96355
2837,0,95241,96355
2838,0,95241,96355
2839,0,95241,96355
2840,0,95241,96355
2841,0,95241,96355
2842,0,95241,96355
2843,0,95241,96355
2844,0,95241,96355
2845,0,95241,96355
2846,0,95241,96355
2847,0,95241,96355
2848,0,95241,96355
2849,0,95241,96355
2850,0,95241,96355
2851,0,95241,96355
2852,0,95241,96355
2853,0,95241,96355
2854,0,95241,96355
2855,0,95241,96355
2856,0,95241,96355
2857,0,95241,96355
2858,0,95241,96355
2859,0,95241,96355
2860,0,95241,96355
2861,0,95241,96355
2862,0,95241,96355
2863,0,95241,96355
2864,0,95241,96355
2865,0,95241,96355
2866,0,95241,96355
2867,0,95241,96355
2868,0,95241,96355
2869,0,95241,96355
2870,0,95241,96355
2871,0,95241,96355
2872,0,95241,96355
2873,0,95241,96355
2874,0,95241,96355
2875,0,95241,96355
2876,0,95241,96355
2877,0,95241,96355
2878,0,95241,96355
2879,0,95241,96355
2880,0,95241,96355
2881,0,95241,96355
2882,0,95241,96355
2883,0,95241,96355
2884,0,95241,96355
2885,0,95241,96355
2886,0,95241,96355
2887,0,95241,96355
2888,0,95241,96355
2889,0,95241,96355
2890,0,95241,96355
2891,0,95241,96355
2892,0,95241,96355
2893,0,95241,96355
2894,0,95241,96355
2895,0,95241,96355
2896,0,95241,96355
2897,0,95241,96355
2898,0,95241,96355
2899,0,95241,96355
2900,0,95241,96355
2901,0,95241,96355
2902,0,95241,96355
2903,0,95241,96355
2904,0,95241,96355
2905,0,95241,96355
2906,0,95241,96355
2907,0,95241,96355
2908,0,95241,96355
2909,0,95241,96355
2910,0,95241,96355
2911,0,95241,96355
2912,0,95241,96355
2913,0,95241,96355
2914,0,95241,96355
2915,0,95241,96355
2916,0,95241,96355
2917,0,95241,96355
2918,0,95241,96355
2919,0,95241,96355
2920,0,95241,96355
2921,0,95241,96355
2922,0,95241,96355
2923,0,95241,96355
2924,0,95241,96355
2925,0,95241,96355
2926,0,95241,96355
2927,0,95241,96355
2928,0,95241,96355
2929,0,95241,96355
2930,0,95241,96355
2931,0,95241,96355
2932,0,95241,96355
2933,0,95241,96355
2934,0,95241,96355
2935,0,95241,96355
2936,0,95241,96355
2937,0,95241,96355
2938,0,95241,96355
2939,0,95241,96355
2940,0,95241,96355
2941,0,95241,96355
2942,0,95241,96355
2943,0,95241,96355
2944,0,95241,96355
2945,0,95241,96355
2946,0,95241,96355
2947,0,95241,96355
2948,0,95241,96355
2949,0,95241,96355
2950,0,95241,96355
2951,0,95241,96355
2952,0,95241,96355
2953,0,95241,96355
2954,0,95241,96355
2955,0,95241,96355
2956,0,95241,96355
2957,0,95241,96355
2958,0,95241,96355
2959,0,95241,96355
2960,0,95241,96355
2961,0,95241,96355
2962,0,95241,96355
2963,0,95241,96355
2964,0,95241,96355
2965,0,95241,96355
2966,0,95241,96355
2967,0,95241,96355
2968,0,95241,96355
2969,0,95241,96355
2970,0,95241,96355
2971,0,95241,96355
2972,0,95241,96355
2973,0,95241,96355
2974,0,95241,96355
2975,0,95241,96355
2976,0,95241,96355
2977,0,95241,96355
2978,0,95241,96355
2979,0,95241,96355
2980,0,95241,96355
2981,0,95241,96355
2982,0,95241,96355
2983,0,95241,96355
2984,0,95241,96355
2985,0,95241,96355
2986,0,95241,96355
2987,0,95241,96355
2988,0,95241,96355
2989,0,95241,96355
2990,0,95241,96355
2991,0,95241,96355
2992,0,95241,96355
2993,0,95241,96355
2994,0,95241,96355
2995,0,95241,96355
2996,0,95241,96355
2997,0,95241,96355
2998,0,95241,96355
2999,0,95241,96355
3000,0,95241,96355
3001,500,95241,96355
3002,500,95241,96355
3003,500,95241,96355
3004,500,95241,96355
3005,500,95241,96355
3006,500,95241,96355
3007,500,95241,96355
3008,500,95241,96355
3009,500,95241,96355
3010,500,95241,96355
3011,500,95241,96355
3012,500,95241,96355
3013,500,95241,96359
3014,500,95241,96367
3015,500,95241,96382
3016,500,95241,96399
3017,500,95244,96419
3018,500,95258,96439
3019,500,95283,96459
3020,500,95316,96481
3021,500,95350,96505
3022,500,95382,96532
3023,500,95406,96560
3024,500,95425,96590
3025,500,95450,96625
3026,500,95479,96665
3027,500,95505,96706
3028,500,95526,96749
3029,500,95553,96795
3030,500,95591,96839
3031,500,95628,96879
3032,500,95661,96915
3033,500,95691,96952
3034,500,95721,96990
3035,500,95754,97026
3036,500,95787,97059
3037,500,95817,97090
3038,500,95853,97120
3039,500,95894,97150
3040,500,95935,97182
3041,500,95972,97213
3042,500,96005,97246
3043,500,96038,97286
3044,500,96073,97332
3045,500,96112,97378
3046,500,96155,97424
3047,500,96198,97474
3048,500,96246,97523
3049,500,96301,97571
3050,500,96356,97615
3051,500,96410,97661
3052,500,96461,97705
3053,500,96509,97748
3054,500,96553,97789
3055,500,96597,97831
3056,500,96646,97874
3057,500,96700,97919
3058,500,96758,97965
3059,500,96813,98009
3060,500,96865,98055
3061,500,96918,98104
3062,500,96970,98158
3063,500,97022,98214
3064,500,97075,98269
3065,500,97128,98321
3066,500,97183,98377
3067,500,97241,98442
3068,500,97303,98509
3069,500,97360,98576
3070,500,97414,98642
3071,500,97472,98711
3072,500,97533,98780
3073,500,97597,98846
3074,500,97665,98914
3075,500,97733,98986
3076,500,97796,99057
3077,500,97849,99130
3078,500,97897,99202
3079,500,97950,99277
3080,500,98012,99352
3081,500,98083,99421
3082,500,98156,99493
3083,500,98226,99566
3084,500,98292,99643
3085,500,98353,99720
3086,500,98411,99795
3087,500,98473,99876
3088,500,98544,99962
3089,500,98614,100049
3090,500,98680,100129
3091,500,98743,100206
3092,500,98807,100282
3093,500,98872,100359
3094,500,98939,100439
3095,500,99009,100520
3096,500,99081,100600
3097,500,99154,100678
3098,500,99225,100755
3099,500,99291,100831
3100,500,99354,100909
3101,500,99420,100994
3102,500,99488,101079
3103,500,99558,101160
3104,500,99623,101238
3105,500,99688,101313
3106,500,99753,101395
3107,500,99821,101482
3108,500,99893,101561
3109,500,99964,101633
3110,500,100034,101708
3111,500,100102,101785
3112,500,100169,101861
3113,500,100235,101935
3114,500,100302,102005
3115,500,100370,102075
3116,500,100442,102147
3117,500,100512,102222
3118,500,100583,102303
3119,500,100654,102384
3120,500,100726,102453
3121,500,100805,102520
3122,500,100881,102603
3123,500,100953,102684
3124,500,101024,102757
3125,500,101100,102830
3126,500,101176,102910
3127,500,101252,102983
3128,500,101326,103052
3129,500,101403,103129
3130,500,101490,103214
3131,500,101575,103289
3132,500,101656,103360
3133,500,101735,103437
3134,500,101814,103520
3135,500,101892,103600
3136,500,101970,103670
3137,500,102053,103742
3138,500,102137,103826
3139,500,102220,103911
3140,500,102302,103985
3141,500,102388,104060
3142,500,102475,104144
3143,500,102559,104232
3144,500,102642,104314
3145,500,102727,104390
3146,500,102813,104470
3147,500,102899,104554
3148,500,102985,104640
3149,500,103069,104724
3150,500,103153,104808
3151,500,103236,104889
3152,500,103321,104975
3153,500,103406,105066
3154,500,103491,105158
3155,500,103577,105244
3156,500,103663,105333
3157,500,103752,105426
3158,500,103841,105525
3159,500,103930,105613
3160,500,104018,105704
3161,500,104107,105797
3162,500,104197,105903
3163,500,104286,106001
3164,500,104375,106101
3165,500,104464,106201
3166,500,104554,106302
3167,500,104645,106401
3168,500,104739,106509
3169,500,104833,106617
3170,500,104927,106720
3171,500,105021,106823
3172,500,105114,106934
3173,500,105206,107050
3174,500,105299,107153
3175,500,105393,107266
3176,500,105485,107383
3177,500,105578,107488
3178,500,105671,107590
3179,500,105764,107699
3180,500,105857,107802
3181,500,105950,107899
3182,500,106042,108004
3183,500,106133,108110
3184,500,106225,108213
3185,500,106316,108311
3186,500,106407,108413
3187,500,106496,108515
3188,500,106585,108612
3189,500,106674,108707
3190,500,106761,108804
3191,500,106845,108898
3192,500,106929,108990
3193,500,107013,109085
3194,500,107103,109176
3195,500,107199,109266
3196,500,107299,109360
3197,500,107399,109451
3198,500,107494,109537
3199,500,107585,109625
3200,500,107673,109708
3201,500,107761,109788
3202,500,107852,109871
3203,500,107944,109968
3204,500,108036,110075
3205,500,108123,110180
3206,500,108207,110273
3207,500,108291,110350
3208,500,108378,110420
3209,500,108467,110504
3210,500,108555,110602
3211,500,108643,110700
3212,500,108730,110790
3213,500,108819,110882
3214,500,108909,110980
3215,500,108998,111073
3216,500,109089,111163
3217,500,109180,111251
3218,500,109273,111335
3219,500,109367,111422
3220,500,109459,111516
3221,500,109550,111611
3222,500,109643,111705
3223,500,109738,111798
3224,500,109834,111884
3225,500,109929,111966
3226,500,110025,112055
3227,500,110124,112142
3228,500,110224,112222
3229,500,110321,112307
3230,500,110421,112398
3231,500,110522,112493
3232,500,110626,112592
3233,500,110726,112692
3234,500,110826,112792
3235,500,110930,112892
3236,500,111035,112992
3237,500,111142,113091
3238,500,111251,113189
3239,500,111359,113288
3240,500,111464,113388
3241,500,111570,113490
3242,500,111675,113594
3243,500,111782,113698
3244,500,111887,113804
3245,500,111992,113911
3246,500,112097,114017
3247,500,112203,114120
3248,500,112313,114225
3249,500,112425,114329
3250,500,112536,114434
3251,500,112643,114542
3252,500,112744,114648
3253,500,112847,114757
3254,500,112956,114869
3255,500,113069,114985
3256,500,113182,115098
3257,500,113292,115209
3258,500,113399,115321
3259,500,113503,115437
3260,500,113605,115554
3261,500,113706,115668
3262,500,113810,115782
3263,500,113912,115898
3264,500,114015,116012
3265,500,114117,116123
3266,500,114218,116233
3267,500,114320,116347
3268,500,114420,116462
3269,500,114519,116577
3270,500,114619,116687
3271,500,114724,116794
3272,500,114824,116897
3273,500,114922,117000
3274,500,115023,117100
3275,500,115126,117201
3276,500,115227,117304
3277,500,115323,117404
3278,500,115416,117505
3279,500,115508,117607
3280,500,115607,117705
3281,500,115707,117800
3282,500,115805,117892
3283,500,115899,117981
3284,500,115994,118069
3285,500,116089,118165
3286,500,116183,118265
3287,500,116279,118363
3288,500,116373,118457
3289,500,116462,118545
3290,500,116549,118631
3291,500,116637,118729
3292,500,116725,118826
3293,500,116820,118913
3294,500,116916,119003
3295,500,117011,119096
3296,500,117106,119187
3297,500,117204,119277
3298,500,117301,119368
3299,500,117397,119457
3300,500,117491,119547
3301,500,117585,119639
3302,500,117681,119729
3303,500,117780,119817
3304,500,117882,119906
3305,500,117985,119998
3306,500,118085,120088
3307,500,118184,120184
3308,500,118282,120279
3309,500,118379,120374
3310,500,118476,120474
3311,500,118572,120571
3312,500,118669,120664
3313,500,118766,120761
3314,500,118868,120858
3315,500,118970,120955
3316,500,119070,121055
3317,500,119168,121157
3318,500,119267,121257
3319,500,119368,121354
3320,500,119472,121457
3321,500,119576,121563
3322,500,119679,121666
3323,500,119782,121772
3324,500,119885,121882
3325,500,119992,121988
3326,500,120098,122096
3327,500,120205,122212
3328,500,120310,122327
3329,500,120415,122436
3330,500,120520,122548
3331,500,120624,122667
3332,500,120728,122778
3333,500,120832,122895
3334,500,120935,123018
3335,500,121038,123142
3336,500,121140,123258
3337,500,121242,123381
3338,500,121344,123502
3339,500,121446,123617
3340,500,121547,123742
3341,500,121649,123864
3342,500,121752,123977
3343,500,121854,124097
3344,500,121957,124209
3345,500,122060,124319
3346,500,122162,124437
3347,500,122266,124552
3348,500,122369,124658
3349,500,122472,124765
3350,500,122575,124878
3351,500,122676,124989
3352,500,122778,125096
3353,500,122878,125202
3354,500,122977,125302
3355,500,123077,125397
3356,500,123176,125494
3357,500,123275,125589
3358,500,123374,125689
3359,500,123475,125788
3360,500,123576,125883
3361,500,123676,125977
3362,500,123773,126070
3363,500,123869,126163
3364,500,123966,126257
3365,500,124063,126355
3366,500,124161,126460
3367,500,124258,126560
3368,500,124355,126654
3369,500,124453,126746
3370,500,124553,126834
3371,500,124653,126932
3372,500,124751,127033
3373,500,124850,127124
3374,500,124949,127214
3375,500,125048,127312
3376,500,125146,127409
3377,500,125242,127509
3378,500,125337,127608
3379,500,125434,127698
3380,500,125533,127786
3381,500,125633,127884
3382,500,125733,127982
3383,500,125833,128079
3384,500,125933,128178
3385,500,126034,128272
3386,500,126133,128360
3387,500,126233,128453
3388,500,126335,128548
3389,500,126438,128643
3390,500,126540,128737
3391,500,126644,128833
3392,500,126751,128934
3393,500,126860,129038
3394,500,126968,129141
3395,500,127076,129241
3396,500,127186,129341
3397,500,127297,129446
3398,500,127408,129553
3399,500,127520,129662
3400,500,127632,129770
3401,500,127744,129878
3402,500,127857,129988
3403,500,127969,130097
3404,500,128082,130208
3405,500,128195,130319
3406,500,128309,130429
3407,500,128425,130543
3408,500,128542,130657
3409,500,128659,130771
3410,500,128776,130888
3411,500,128898,131003
3412,500,129025,131120
3413,500,129148,131238
3414,500,129266,131360
3415,500,129379,131481
3416,500,129488,131596
3417,500,129597,131708
3418,500,129705,131821
3419,500,129810,131937
3420,500,129916,132054
3421,500,130023,132170
3422,500,130133,132285
3423,500,130242,132401
3424,500,130349,132515
3425,500,130455,132628
3426,500,130563,132743
3427,500,130667,132858
3428,500,130767,132972
3429,500,130865,133085
3430,500,130961,133195
3431,500,131055,133299
3432,500,131153,133402
3433,500,131258,133502
3434,500,131370,133599
3435,500,131482,133699
3436,500,131592,133799
3437,500,131696,133903
3438,500,131796,134010
3439,500,131892,134114
3440,500,131993,134214
3441,500,132098,134314
3442,500,132200,134409
3443,500,132299,134503
3444,500,132398,134600
3445,500,132497,134695
3446,500,132596,134794
3447,500,132695,134891
3448,500,132792,134985
3449,500,132885,135077
3450,500,132978,135174
3451,500,133070,135266
3452,500,133161,135358
3453,500,133254,135456
3454,500,133346,135551
3455,500,133440,135639
3456,500,133540,135731
3457,500,133643,135823
3458,500,133742,135915
3459,500,133840,136008
3460,500,133938,136100
3461,500,134037,136196
3462,500,134138,136292
3463,500,134241,136387
3464,500,134343,136482
3465,500,134447,136578
3466,500,134552,136674
3467,500,134656,136770
3468,500,134757,136868
3469,500,134858,136966
3470,500,134958,137063
3471,500,135058,137158
3472,500,135157,137254
3473,500,135257,137351
3474,500,135357,137449
3475,500,135457,137545
3476,500,135558,137643
3477,500,135660,137742
3478,500,135762,137848
3479,500,135864,137956
3480,500,135966,138060
3481,500,136068,138165
3482,500,136172,138276
3483,500,136276,138388
3484,500,136382,138491
3485,500,136489,138600
3486,500,136597,138715
3487,500,136704,138823
3488,500,136811,138935
3489,500,136917,139053
3490,500,137023,139162
3491,500,137128,139278
3492,500,137234,139399
3493,500,137340,139524
3494,500,137445,139643
3495,500,137551,139763
3496,500,137655,139887
3497,500,137760,140004
3498,500,137865,140134
3499,500,137969,140257
3500,500,138074,140373
3501,500,138179,140495
3502,500,138284,140611
3503,500,138389,140723
3504,500,138494,140842
3505,500,138599,140956
3506,500,138704,141065
3507,500,138810,141176
3508,500,138915,141288
3509,500,139018,141397
3510,500,139120,141501
3511,500,139222,141604
3512,500,139322,141709
3513,500,139423,141813
3514,500,139523,141906
3515,500,139622,142004
3516,500,139720,142110
3517,500,139817,142216
3518,500,139912,142310
3519,500,140007,142403
3520,500,140104,142503
3521,500,140202,142596
3522,500,140301,142685
3523,500,140400,142790
3524,500,140497,142901
3525,500,140594,143007
3526,500,140693,143105
3527,500,140795,143192
3528,500,140896,143287
3529,500,140997,143390
3530,500,141097,143486
3531,500,141195,143567
3532,500,141293,143656
3533,500,141390,143756
3534,500,141486,143854
3535,500,141584,143954
3536,500,141682,144050
3537,500,141777,144142
3538,500,141876,144238
3539,500,141976,144335
3540,500,142078,144431
3541,500,142177,144530
3542,500,142277,144627
3543,500,142379,144720
3544,500,142480,144815
3545,500,142583,144910
3546,500,142685,145007
3547,500,142789,145100
3548,500,142895,145195
3549,500,143000,145292
3550,500,143106,145395
3551,500,143212,145499
3552,500,143317,145602
3553,500,143426,145704
3554,500,143534,145805
3555,500,143641,145911
3556,500,143750,146020
3557,500,143859,146130
3558,500,143970,146240
3559,500,144080,146353
3560,500,144191,146461
3561,500,144302,146570
3562,500,144413,146685
3563,500,144524,146802
3564,500,144634,146917
3565,500,144746,147032
3566,500,144858,147146
3567,500,144969,147262
3568,500,145078,147377
3569,500,145188,147493
3570,500,145297,147611
3571,500,145406,147736
3572,500,145511,147857
3573,500,145618,147971
3574,500,145731,148084
3575,500,145852,148200
3576,500,145971,148314
3577,500,146085,148427
3578,500,146197,148541
3579,500,146305,148655
3580,500,146411,148769
3581,500,146515,148882
3582,500,146620,148995
3583,500,146725,149105
3584,500,146828,149217
3585,500,146934,149325
3586,500,147042,149432
3587,500,147145,149537
3588,500,147245,149640
3589,500,147343,149742
3590,500,147442,149844
3591,500,147543,149944
3592,500,147645,150046
3593,500,147751,150145
3594,500,147855,150243
3595,500,147955,150343
3596,500,148053,150445
3597,500,148152,150544
3598,500,148249,150641
3599,500,148349,150735
3600,500,148452,150828
3601,500,148554,150921
3602,500,148656,151014
3603,500,148760,151110
3604,500,148863,151205
3605,500,148963,151299
3606,500,149060,151389
3607,500,149156,151478
3608,500,149250,151570
3609,500,149348,151662
3610,500,149445,151757
3611,500,149539,151861
3612,500,149630,151963
3613,500,149721,152061
3614,500,149813,152153
3615,500,149906,152238
3616,500,150003,152321
3617,500,150100,152410
3618,500,150198,152501
3619,500,150297,152597
3620,500,150398,152692
3621,500,150499,152787
3622,500,150600,152880
3623,500,150701,152974
3624,500,150805,153068
3625,500,150910,153164
3626,500,151015,153260
3627,500,151120,153355
3628,500,151225,153452
3629,500,151328,153549
3630,500,151431,153647
3631,500,151533,153743
3632,500,151635,153840
3633,500,151736,153937
3634,500,151834,154036
3635,500,151933,154133
3636,500,152034,154231
3637,500,152136,154333
3638,500,152240,154435
3639,500,152345,154538
3640,500,152450,154643
3641,500,152555,154752
3642,500,152659,154857
3643,500,152763,154965
3644,500,152867,155076
3645,500,152972,155188
3646,500,153077,155291
3647,500,153181,155404
3648,500,153285,155520
3649,500,153390,155628
3650,500,153494,155746
3651,500,153597,155866
3652,500,153701,155976
3653,500,153805,156093
3654,500,153909,156214
3655,500,154013,156323
3656,500,154118,156440
3657,500,154223,156564
3658,500,154328,156679
3659,500,154432,156794
3660,500,154536,156911
3661,500,154640,157017
3662,500,154745,157129
3663,500,154852,157244
3664,500,154960,157355
3665,500,155069,157460
3666,500,155177,157570
3667,500,155283,157681
3668,500,155389,157788
3669,500,155493,157895
3670,500,155597,157998
3671,500,155701,158092
3672,500,155806,158192
3673,500,155909,158295
3674,500,156012,158396
3675,500,156114,158500
3676,500,156216,158601
3677,500,156315,158694
3678,500,156414,158785
3679,500,156511,158880
3680,500,156610,158978
3681,500,156709,159074
3682,500,156809,159179
3683,500,156910,159280
3684,500,157011,159375
3685,500,157112,159465
3686,500,157212,159547
3687,500,157309,159629
3688,500,157407,159717
3689,500,157503,159805
3690,500,157599,159894
3691,500,157696,159990
3692,500,157792,160088
3693,500,157890,160190
3694,500,157989,160293
3695,500,158089,160390
3696,500,158189,160479
3697,500,158291,160572
3698,500,158391,160672
3699,500,158488,160772
3700,500,158586,160869
3701,500,158685,160967
3702,500,158786,161058
3703,500,158889,161153
3704,500,158994,161248
3705,500,159099,161342
3706,500,159203,161431
3707,500,159307,161523
3708,500,159413,161619
3709,500,159521,161722
3710,500,159630,161828
3711,500,159738,161932
3712,500,159845,162033
3713,500,159955,162135
3714,500,160065,162241
3715,500,160178,162352
3716,500,160290,162462
3717,500,160403,162571
3718,500,160516,162678
3719,500,160629,162788
3720,500,160741,162900
3721,500,160854,163013
3722,500,160967,163125
3723,500,161080,163236
3724,500,161193,163352
3725,500,161304,163469
3726,500,161412,163586
3727,500,161518,163703
3728,500,161623,163820
3729,500,161731,163937
3730,500,161845,164054
3731,500,161959,164174
3732,500,162077,164291
3733,500,162200,164407
3734,500,162321,164522
3735,500,162438,164638
3736,500,162549,164752
3737,500,162658,164868
3738,500,162765,164984
3739,500,162871,165102
3740,500,162980,165218
3741,500,163091,165331
3742,500,163201,165443
3743,500,163310,165555
3744,500,163418,165664
3745,500,163524,165774
3746,500,163629,165880
3747,500,163735,165984
3748,500,163841,166086
3749,500,163947,166189
3750,500,164048,166290
3751,500,164151,166393
3752,500,164254,166495
3753,500,164357,166596
3754,500,164462,166695
3755,500,164567,166794
3756,500,164670,166889
3757,500,164770,166981
3758,500,164870,167073
3759,500,164968,167162
3760,500,165064,167256
3761,500,165161,167351
3762,500,165261,167446
3763,500,165362,167540
3764,500,165465,167640
3765,500,165568,167737
3766,500,165669,167832
3767,500,165769,167924
3768,500,165866,168017
3769,500,165959,168114
3770,500,166051,168213
3771,500,166141,168311
3772,500,166227,168408
3773,500,166317,168501
3774,500,166413,168594
3775,500,166512,168689
3776,500,166614,168784
3777,500,166717,168875
3778,500,166819,168967
3779,500,166921,169061
3780,500,167024,169158
3781,500,167130,169258
3782,500,167236,169354
3783,500,167342,169446
3784,500,167446,169538
3785,500,167550,169634
3786,500,167652,169732
3787,500,167753,169830
3788,500,167857,169927
3789,500,167960,170023
3790,500,168064,170120
3791,500,168168,170216
3792,500,168272,170315
3793,500,168375,170414
3794,500,168477,170513
3795,500,168579,170615
3796,500,168681,170722
3797,500,168784,170829
3798,500,168888,170933
3799,500,168994,171044
3800,500,169099,171155
3801,500,169204,171260
3802,500,169308,171367
3803,500,169413,171483
3804,500,169518,171592
3805,500,169622,171699
3806,500,169726,171815
3807,500,169829,171933
3808,500,169932,172049
3809,500,170036,172171
3810,500,170140,172287
3811,500,170243,172402
3812,500,170346,172528
3813,500,170448,172656
3814,500,170551,172774
3815,500,170654,172901
3816,500,170757,173022
3817,500,170861,173136
3818,500,170963,173253
3819,500,171065,173363
3820,500,171167,173473
3821,500,171271,173593
3822,500,171378,173707
3823,500,171483,173821
3824,500,171589,173932
3825,500,171695,174040
3826,500,171801,174150
3827,500,171904,174258
3828,500,172007,174370
3829,500,172108,174476
3830,500,172209,174572
3831,500,172308,174664
3832,500,172407,174764
3833,500,172504,174870
3834,500,172603,174969
3835,500,172703,175058
3836,500,172806,175153
3837,500,172909,175253
3838,500,173011,175346
3839,500,173111,175435
3840,500,173211,175532
3841,500,173312,175629
3842,500,173414,175723
3843,500,173517,175819
3844,500,173619,175910
3845,500,173718,175999
3846,500,173818,176099
3847,500,173915,176198
3848,500,174013,176291
3849,500,174111,176385
3850,500,174210,176473
3851,500,174310,176561
3852,500,174410,176659
3853,500,174510,176758
3854,500,174612,176853
3855,500,174714,176948
3856,500,174816,177047
3857,500,174918,177149
3858,500,175019,177254
3859,500,175121,177358
3860,500,175225,177458
3861,500,175331,177554
3862,500,175438,177648
3863,500,175543,177740
3864,500,175649,177830
3865,500,175757,177923
3866,500,175864,178021
3867,500,175971,178128
3868,500,176078,178234
3869,500,176186,178334
3870,500,176296,178428
3871,500,176407,178525
3872,500,176519,178627
3873,500,176632,178732
3874,500,176745,178837
3875,500,176859,178942
3876,500,176972,179051
3877,500,177084,179162
3878,500,177195,179274
3879,500,177308,179385
3880,500,177418,179498
3881,500,177528,179611
3882,500,177639,179726
3883,500,177751,179842
3884,500,177863,179957
3885,500,177976,180070
3886,500,178086,180184
3887,500,178193,180301
3888,500,178305,180422
3889,500,178423,180546
3890,500,178544,180666
3891,500,178664,180786
3892,500,178780,180907
3893,500,178890,181028
3894,500,178998,181147
3895,500,179108,181264
3896,500,179218,181383
3897,500,179331,181504
3898,500,179445,181622
3899,500,179555,181738
3900,500,179664,181854
3901,500,179773,181970
3902,500,179881,182083
3903,500,179987,182195
3904,500,180093,182300
3905,500,180200,182405
3906,500,180306,182509
3907,500,180410,182614
3908,500,180515,182718
3909,500,180619,182820
3910,500,180722,182920
3911,500,180826,183017
3912,500,180930,183115
3913,500,181031,183212
3914,500,181129,183308
3915,500,181229,183412
3916,500,181331,183517
3917,500,181432,183620
3918,500,181534,183714
3919,500,181634,183799
3920,500,181732,183881
3921,500,181831,183969
3922,500,181929,184069
3923,500,182028,184171
3924,500,182126,184271
3925,500,182220,184366
3926,500,182312,184458
3927,500,182402,184551
3928,500,182492,184648
3929,500,182578,184743
3930,500,182670,184837
3931,500,182770,184932
3932,500,182871,185025
3933,500,182972,185118
3934,500,183072,185209
3935,500,183172,185299
3936,500,183274,185391
3937,500,183377,185486
3938,500,183481,185583
3939,500,183585,185678
3940,500,183689,185771
3941,500,183792,185863
3942,500,183896,185959
3943,500,184000,186058
3944,500,184105,186155
3945,500,184209,186251
3946,500,184311,186348
3947,500,184413,186444
3948,500,184515,186539
3949,500,184616,186635
3950,500,184717,186734
3951,500,184817,186834
3952,500,184916,186933
3953,500,185014,187035
3954,500,185114,187143
3955,500,185216,187245
3956,500,185320,187354
3957,500,185427,187469
3958,500,185533,187580
3959,500,185639,187686
3960,500,185745,187803
3961,500,185852,187922
3962,500,185960,188029
3963,500,186069,188144
3964,500,186177,188265
3965,500,186283,188378
3966,500,186390,188499
3967,500,186498,188614
3968,500,186605,188725
3969,500,186711,188845
3970,500,186817,188962
3971,500,186923,189075
3972,500,187029,189195
3973,500,187133,189316
3974,500,187237,189427
3975,500,187340,189539
3976,500,187442,189660
3977,500,187545,189773
3978,500,187649,189887
3979,500,187753,190008
3980,500,187858,190121
3981,500,187962,190234
3982,500,188066,190351
3983,500,188169,190466
3984,500,188272,190575
3985,500,188373,190683
3986,500,188475,190796
3987,500,188579,190901
3988,500,188683,190995
3989,500,188783,191089
3990,500,188881,191197
3991,500,188980,191305
3992,500,189079,191400
3993,500,189179,191491
3994,500,189277,191592
3995,500,189376,191690
3996,500,189473,191780
3997,500,189572,191877
3998,500,189672,191972
3999,500,189771,192063
4000,500,189869,192156
4001,0,189967,192256
4002,0,190064,192348
4003,0,190163,192436
4004,0,190261,192530
4005,0,190359,192628
4006,0,190455,192723
4007,0,190551,192816
4008,0,190648,192911
4009,0,190744,193009
4010,0,190839,193114
4011,0,190935,193216
4012,0,191032,193312
4013,0,191129,193404
4014,0,191226,193493
4015,0,191323,193582
4016,0,191418,193674
4017,0,191515,193770
4018,0,191613,193866
4019,0,191712,193958
4020,0,191811,194045
4021,0,191911,194132
4022,0,192012,194219
4023,0,192112,194311
4024,0,192214,194410
4025,0,192318,194514
4026,0,192421,194619
4027,0,192525,194722
4028,0,192632,194827
4029,0,192740,194932
4030,0,192846,195038
4031,0,192954,195146
4032,0,193063,195254
4033,0,193169,195361
4034,0,193274,195471
4035,0,193381,195580
4036,0,193488,195685
4037,0,193594,195792
4038,0,193703,195899
4039,0,193810,196006
4040,0,193916,196105
4041,0,194021,196206
4042,0,194127,196315
4043,0,194232,196419
4044,0,194337,196530
4045,0,194442,196642
4046,0,194547,196755
4047,0,194651,196865
4048,0,194755,196974
4049,0,194859,197081
4050,0,194963,197187
4051,0,195064,197293
4052,0,195165,197395
4053,0,195265,197493
4054,0,195369,197593
4055,0,195473,197693
4056,0,195575,197791
4057,0,195673,197888
4058,0,195767,197981
4059,0,195861,198077
4060,0,195954,198174
4061,0,196046,198271
4062,0,196139,198365
4063,0,196229,198456
4064,0,196319,198548
4065,0,196409,198641
4066,0,196497,198732
4067,0,196584,198820
4068,0,196671,198905
4069,0,196758,198992
4070,0,196843,199079
4071,0,196930,199162
4072,0,197018,199247
4073,0,197110,199331
4074,0,197200,199417
4075,0,197287,199500
4076,0,197368,199580
4077,0,197446,199658
4078,0,197525,199736
4079,0,197607,199817
4080,0,197691,199896
4081,0,197774,199974
4082,0,197857,200053
4083,0,197938,200135
4084,0,198018,200214
4085,0,198098,200292
4086,0,198179,200368
4087,0,198257,200446
4088,0,198333,200524
4089,0,198406,200603
4090,0,198479,200684
4091,0,198555,200764
4092,0,198634,200842
4093,0,198716,200920
4094,0,198796,200994
4095,0,198876,201065
4096,0,198956,201133
4097,0,199036,201204
4098,0,199117,201278
4099,0,199198,201352
4100,0,199279,201429
4101,0,199359,201502
4102,0,199437,201572
4103,0,199515,201640
4104,0,199593,201711
4105,0,199671,201784
4106,0,199751,201860
4107,0,199829,201936
4108,0,199905,202011
4109,0,199980,202085
4110,0,200057,202158
4111,0,200135,202232
4112,0,200214,202307
4113,0,200291,202382
4114,0,200368,202458
4115,0,200444,202532
4116,0,200522,202607
4117,0,200597,202681
4118,0,200674,202758
4119,0,200751,202833
4120,0,200827,202910
4121,0,200903,202984
4122,0,200980,203061
4123,0,201060,203141
4124,0,201140,203218
4125,0,201216,203294
4126,0,201292,203373
4127,0,201369,203455
4128,0,201446,203539
4129,0,201523,203619
4130,0,201599,203701
4131,0,201675,203785
4132,0,201751,203867
4133,0,201827,203943
4134,0,201902,204017
4135,0,201977,204095
4136,0,202052,204183
4137,0,202125,204270
4138,0,202197,204349
4139,0,202269,204436
4140,0,202339,204529
4141,0,202410,204614
4142,0,202481,204695
4143,0,202553,204776
4144,0,202626,204862
4145,0,202697,204950
4146,0,202770,205030
4147,0,202841,205110
4148,0,202913,205192
4149,0,202984,205282
4150,0,203055,205364
4151,0,203128,205441
4152,0,203200,205518
4153,0,203272,205602
4154,0,203344,205690
4155,0,203417,205771
4156,0,203489,205853
4157,0,203560,205931
4158,0,203633,206010
4159,0,203706,206088
4160,0,203778,206164
4161,0,203846,206242
4162,0,203913,206317
4163,0,203981,206392
4164,0,204050,206468
4165,0,204119,206544
4166,0,204186,206618
4167,0,204252,206691
4168,0,204319,206762
4169,0,204383,206833
4170,0,204447,206906
4171,0,204511,206976
4172,0,204575,207043
4173,0,204640,207112
4174,0,204704,207183
4175,0,204767,207251
4176,0,204830,207315
4177,0,204896,207379
4178,0,204962,207445
4179,0,205027,207514
4180,0,205091,207581
4181,0,205153,207642
4182,0,205215,207703
4183,0,205277,207767
4184,0,205340,207831
4185,0,205401,207892
4186,0,205462,207952
4187,0,205524,208009
4188,0,205588,208066
4189,0,205651,208125
4190,0,205713,208185
4191,0,205775,208245
4192,0,205840,208303
4193,0,205905,208355
4194,0,205968,208404
4195,0,206027,208450
4196,0,206083,208495
4197,0,206141,208537
4198,0,206201,208587
4199,0,206261,208634
4200,0,206320,208686
4201,0,206375,208738
4202,0,206426,208790
4203,0,206480,208841
4204,0,206536,208896
4205,0,206593,208947
4206,0,206650,208996
4207,0,206707,209045
4208,0,206761,209095
4209,0,206815,209146
4210,0,206870,209197
4211,0,206926,209246
4212,0,206981,209296
4213,0,207036,209348
4214,0,207093,209403
4215,0,207150,209462
4216,0,207207,209521
4217,0,207262,209576
4218,0,207318,209625
4219,0,207375,209670
4220,0,207431,209712
4221,0,207488,209755
4222,0,207543,209797
4223,0,207599,209845
4224,0,207654,209898
4225,0,207711,209950
4226,0,207768,210002
4227,0,207825,210054
4228,0,207881,210106
4229,0,207935,210157
4230,0,207989,210208
4231,0,208042,210259
4232,0,208096,210311
4233,0,208150,210363
4234,0,208205,210414
4235,0,208262,210463
4236,0,208320,210512
4237,0,208378,210562
4238,0,208436,210614
4239,0,208493,210667
4240,0,208550,210719
4241,0,208608,210772
4242,0,208666,210824
4243,0,208725,210877
4244,0,208784,210931
4245,0,208842,210984
4246,0,208900,211038
4247,0,208957,211092
4248,0,209014,211146
4249,0,209072,211203
4250,0,209130,211260
4251,0,209187,211316
4252,0,209243,211372
4253,0,209300,211426
4254,0,209356,211482
4255,0,209412,211537
4256,0,209467,211592
4257,0,209524,211647
4258,0,209581,211704
4259,0,209638,211762
4260,0,209695,211820
4261,0,209752,211877
4262,0,209808,211937
4263,0,209863,211996
4264,0,209918,212053
4265,0,209973,212109
4266,0,210029,212166
4267,0,210085,212224
4268,0,210139,212281
4269,0,210191,212336
4270,0,210244,212395
4271,0,210298,212455
4272,0,210351,212516
4273,0,210404,212576
4274,0,210456,212634
4275,0,210508,212690
4276,0,210560,212746
4277,0,210614,212807
4278,0,210665,212865
4279,0,210715,212920
4280,0,210766,212978
4281,0,210815,213033
4282,0,210865,213088
4283,0,210917,213145
4284,0,210968,213203
4285,0,211020,213261
4286,0,211072,213318
4287,0,211121,213373
4288,0,211168,213425
4289,0,211215,213475
4290,0,211265,213526
4291,0,211315,213577
4292,0,211365,213627
4293,0,211413,213677
4294,0,211461,213727
4295,0,211509,213776
4296,0,211558,213824
4297,0,211607,213874
4298,0,211656,213926
4299,0,211705,213977
4300,0,211752,214028
4301,0,211798,214078
4302,0,211844,214128
4303,0,211892,214176
4304,0,211941,214224
4305,0,211987,214272
4306,0,212030,214319
4307,0,212072,214366
4308,0,212112,214413
4309,0,212155,214460
4310,0,212199,214505
4311,0,212244,214551
4312,0,212287,214596
4313,0,212328,214642
4314,0,212369,214686
4315,0,212410,214730
4316,0,212451,214772
4317,0,212493,214811
4318,0,212536,214853
4319,0,212579,214897
4320,0,212621,214939
4321,0,212660,214979
4322,0,212699,215019
4323,0,212737,215060
4324,0,212776,215102
4325,0,212814,215142
4326,0,212853,215179
4327,0,212891,215217
4328,0,212930,215255
4329,0,212969,215294
4330,0,213007,215334
4331,0,213042,215375
4332,0,213076,215416
4333,0,213110,215455
4334,0,213145,215492
4335,0,213182,215529
4336,0,213220,215567
4337,0,213260,215604
4338,0,213299,215639
4339,0,213335,215677
4340,0,213372,215714
4341,0,213408,215749
4342,0,213445,215783
4343,0,213479,215816
4344,0,213513,215851
4345,0,213549,215888
4346,0,213586,215923
4347,0,213622,215959
4348,0,213656,215997
4349,0,213686,216034
4350,0,213715,216072
4351,0,213743,216110
4352,0,213772,216145
4353,0,213803,216179
4354,0,213839,216213
4355,0,213876,216246
4356,0,213911,216282
4357,0,213942,216318
4358,0,213972,216353
4359,0,214001,216387
4360,0,214031,216421
4361,0,214062,216453
4362,0,214091,216484
4363,0,214120,216516
4364,0,214150,216548
4365,0,214183,216580
4366,0,214216,216613
4367,0,214246,216647
4368,0,214276,216683
4369,0,214307,216718
4370,0,214338,216753
4371,0,214368,216786
4372,0,214398,216816
4373,0,214428,216844
4374,0,214461,216872
4375,0,214494,216904
4376,0,214526,216937
4377,0,214555,216973
4378,0,214582,217008
4379,0,214609,217041
4380,0,214637,217071
4381,0,214667,217097
4382,0,214699,217124
4383,0,214731,217153
4384,0,214764,217183
4385,0,214796,217214
4386,0,214826,217244
4387,0,214853,217273
4388,0,214880,217303
4389,0,214906,217333
4390,0,214935,217363
4391,0,214965,217391
4392,0,214996,217419
4393,0,215025,217447
4394,0,215053,217476
4395,0,215081,217506
4396,0,215110,217535
4397,0,215139,217562
4398,0,215167,217589
4399,0,215194,217616
4400,0,215221,217643
4401,0,215251,217669
4402,0,215281,217695
4403,0,215309,217721
4404,0,215338,217747
4405,0,215366,217774
4406,0,215394,217801
4407,0,215422,217827
4408,0,215450,217852
4409,0,215479,217876
4410,0,215506,217898
4411,0,215533,217921
4412,0,215561,217945
4413,0,215588,217969
4414,0,215614,217994
4415,0,215640,218020
4416,0,215666,218046
4417,0,215693,218072
4418,0,215720,218098
4419,0,215747,218122
4420,0,215772,218146
4421,0,215796,218170
4422,0,215820,218195
4423,0,215843,218219
4424,0,215867,218242
4425,0,215891,218263
4426,0,215915,218284
4427,0,215939,218306
4428,0,215963,218330
4429,0,215988,218355
4430,0,216013,218379
4431,0,216039,218402
4432,0,216064,218425
4433,0,216088,218448
4434,0,216113,218471
4435,0,216138,218494
4436,0,216163,218516
4437,0,216187,218538
4438,0,216209,218559
4439,0,216231,218581
4440,0,216252,218602
4441,0,216273,218626
4442,0,216295,218649
4443,0,216317,218672
4444,0,216339,218695
4445,0,216360,218717
4446,0,216381,218740
4447,0,216402,218763
4448,0,216424,218784
4449,0,216446,218805
4450,0,216468,218827
4451,0,216488,218848
4452,0,216509,218868
4453,0,216530,218887
4454,0,216551,218907
4455,0,216571,218928
4456,0,216592,218950
4457,0,216612,218970
4458,0,216631,218990
4459,0,216650,219010
4460,0,216669,219030
4461,0,216688,219050
4462,0,216706,219070
4463,0,216724,219089
4464,0,216742,219109
4465,0,216760,219128
4466,0,216779,219147
4467,0,216798,219166
4468,0,216817,219184
4469,0,216835,219205
4470,0,216853,219225
4471,0,216870,219245
4472,0,216888,219265
4473,0,216907,219285
4474,0,216925,219305
4475,0,216943,219325
4476,0,216960,219345
4477,0,216978,219363
4478,0,216995,219382
4479,0,217012,219400
4480,0,217028,219418
4481,0,217044,219437
4482,0,217061,219455
4483,0,217077,219473
4484,0,217093,219491
4485,0,217109,219508
4486,0,217125,219523
4487,0,217141,219542
4488,0,217157,219558
4489,0,217174,219575
4490,0,217190,219592
4491,0,217206,219609
4492,0,217222,219625
4493,0,217238,219641
4494,0,217254,219658
4495,0,217270,219674
4496,0,217286,219690
4497,0,217301,219706
4498,0,217316,219721
4499,0,217330,219736
4500,0,217344,219752
4501,0,217357,219766
4502,0,217372,219782
4503,0,217386,219797
4504,0,217400,219812
4505,0,217414,219826
4506,0,217427,219841
4507,0,217440,219856
4508,0,217453,219872
4509,0,217466,219887
4510,0,217479,219902
4511,0,217492,219917
4512,0,217504,219931
4513,0,217516,219944
4514,0,217528,219958
4515,0,217540,219972
4516,0,217552,219986
4517,0,217564,220000
4518,0,217577,220013
4519,0,217589,220026
4520,0,217601,220038
4521,0,217612,220050
4522,0,217624,220063
4523,0,217635,220076
4524,0,217645,220089
4525,0,217656,220102
4526,0,217667,220114
4527,0,217678,220128
4528,0,217689,220140
4529,0,217699,220150
4530,0,217710,220163
4531,0,217720,220175
4532,0,217730,220187
4533,0,217740,220198
4534,0,217750,220210
4535,0,217760,220221
4536,0,217769,220232
4537,0,217779,220243
4538,0,217789,220254
4539,0,217799,220264
4540,0,217808,220275
4541,0,217818,220285
4542,0,217827,220296
4543,0,217835,220306
4544,0,217844,220316
4545,0,217853,220325
4546,0,217862,220334
4547,0,217870,220344
4548,0,217878,220353
4549,0,217886,220363
4550,0,217894,220373
4551,0,217902,220382
4552,0,217910,220392
4553,0,217918,220401
4554,0,217925,220410
4555,0,217932,220419
4556,0,217939,220428
4557,0,217947,220438
4558,0,217953,220448
4559,0,217960,220458
4560,0,217967,220468
4561,0,217973,220478
4562,0,217979,220485
4563,0,217986,220493
4564,0,217991,220501
4565,0,217997,220511
4566,0,218003,220520
4567,0,218009,220528
4568,0,218016,220537
4569,0,218022,220544
4570,0,218027,220552
4571,0,218033,220560
4572,0,218039,220567
4573,0,218045,220574
4574,0,218051,220581
4575,0,218057,220588
4576,0,218064,220595
4577,0,218070,220602
4578,0,218075,220608
4579,0,218081,220614
4580,0,218087,220620
4581,0,218093,220625
4582,0,218099,220630
4583,0,218104,220636
4584,0,218110,220641
4585,0,218115,220646
4586,0,218120,220650
4587,0,218125,220655
4588,0,218130,220659
4589,0,218134,220664
4590,0,218139,220668
4591,0,218143,220672
4592,0,218148,220676
4593,0,218152,220679
4594,0,218156,220683
4595,0,218160,220687
4596,0,218164,220690
4597,0,218168,220694
4598,0,218172,220697
4599,0,218175,220700
4600,0,218179,220704
4601,0,218183,220707
4602,0,218186,220711
4603,0,218188,220714
4604,0,218190,220717
4605,0,218193,220720
4606,0,218194,220723
4607,0,218196,220726
4608,0,218197,220729
4609,0,218198,220732
4610,0,218198,220734
4611,0,218199,220736
4612,0,218199,220738
4613,0,218199,220739
4614,0,218199,220741
4615,0,218199,220742
4616,0,218199,220743
4617,0,218199,220744
4618,0,218199,220744
4619,0,218199,220745
4620,0,218199,220745
4621,0,218199,220745
4622,0,218199,220745
4623,0,218199,220745
4624,0,218199,220745
4625,0,218199,220745
4626,0,218199,220745
4627,0,218199,220744
4628,0,218199,220744
4629,0,218199,220742
4630,0,218199,220742
4631,0,218199,220741
4632,0,218199,220740
4633,0,218199,220740
4634,0,218199,220739
4635,0,218198,220738
4636,0,218198,220738
4637,0,218197,220737
4638,0,218197,220737
4639,0,218196,220737
4640,0,218195,220737
4641,0,218195,220737
4642,0,218194,220736
4643,0,218193,220736
4644,0,218192,220736
4645,0,218191,220736
4646,0,218191,220736
4647,0,218190,220736
4648,0,218189,220736
4649,0,218189,220736
4650,0,218188,220736
4651,0,218187,220736
4652,0,218187,220736
4653,0,218186,220736
4654,0,218186,220736
4655,0,218186,220736
4656,0,218186,220736
4657,0,218186,220736
4658,0,218186,220736
4659,0,218186,220736
4660,0,218186,220736
4661,0,218186,220736
4662,0,218186,220736
4663,0,218186,220736
4664,0,218186,220736
4665,0,218186,220736
4666,0,218186,220736
4667,0,218186,220736
4668,0,218186,220736
4669,0,218186,220736
4670,0,218186,220736
4671,0,218186,220736
4672,0,218186,220736
4673,0,218186,220736
4674,0,218186,220736
4675,0,218186,220736
4676,0,218186,220736
4677,0,218186,220736
4678,0,218186,220736
4679,0,218186,220736
4680,0,218186,220736
4681,0,218186,220736
4682,0,218186,220736
4683,0,218186,220736
4684,0,218186,220736
4685,0,218186,220736
4686,0,218186,220736
4687,0,218186,220736
4688,0,218186,220736
4689,0,218186,220736
4690,0,218186,220736
4691,0,218186,220736
4692,0,218186,220736
4693,0,218186,220736
4694,0,218186,220736
4695,0,218186,220736
4696,0,218186,220736
4697,0,218186,220736
4698,0,218186,220736
4699,0,218186,220736
4700,0,218186,220736
4701,0,218186,220736
4702,0,218186,220736
4703,0,218186,220736
4704,0,218186,220736
4705,0,218186,220736
4706,0,218186,220736
4707,0,218186,220736
4708,0,218186,220736
4709,0,218186,220736
4710,0,218186,220736
4711,0,218186,220736
4712,0,218186,220736
4713,0,218186,220736
4714,0,218186,220736
4715,0,218186,220736
4716,0,218186,220736
4717,0,218186,220736
4718,0,218186,220736
4719,0,218186,220736
4720,0,218186,220736
4721,0,218186,220736
4722,0,218186,220736
4723,0,218186,220736
4724,0,218186,220736
4725,0,218186,220736
4726,0,218186,220736
4727,0,218186,220736
4728,0,218186,220736
4729,0,218186,220736
4730,0,218186,220736
4731,0,218186,220736
4732,0,218186,220736
4733,0,218186,220736
4734,0,218186,220736
4735,0,218186,220736
4736,0,218186,220736
4737,0,218186,220736
4738,0,218186,220736
4739,0,218186,220736
4740,0,218186,220736
4741,0,218186,220736
4742,0,218186,220736
4743,0,218186,220736
4744,0,218186,220736
4745,0,218186,220736
4746,0,218186,220736
4747,0,218186,220736
4748,0,218186,220736
4749,0,218186,220736
4750,0,218186,220736
4751,0,218186,220736
4752,0,218186,220736
4753,0,218186,220736
4754,0,218186,220736
4755,0,218186,220736
4756,0,218186,220736
4757,0,218186,220736
4758,0,218186,220736
4759,0,218186,220736
4760,0,218186,220736
4761,0,218186,220736
4762,0,218186,220736
4763,0,218186,220736
4764,0,218186,220736
4765,0,218186,220736
4766,0,218186,220736
4767,0,218186,220736
4768,0,218186,220736
4769,0,218186,220736
4770,0,218186,220736
4771,0,218186,220736
4772,0,218186,220736
4773,0,218186,220736
4774,0,218186,220736
4775,0,218186,220736
4776,0,218186,220736
4777,0,218186,220736
4778,0,218186,220736
4779,0,218186,220736
4780,0,218186,220736
4781,0,218186,220736
4782,0,218186,220736
4783,0,218186,220736
4784,0,218186,220736
4785,0,218186,220736
4786,0,218186,220736
4787,0,218186,220736
4788,0,218186,220736
4789,0,218186,220736
4790,0,218186,220736
4791,0,218186,220736
4792,0,218186,220736
4793,0,218186,220736
4794,0,218186,220736
4795,0,218186,220736
4796,0,218186,220736
4797,0,218186,220736
4798,0,218186,220736
4799,0,218186,220736
4800,0,218186,220736
4801,0,218186,220736
4802,0,218186,220736
4803,0,218186,220736
4804,0,218186,220736
4805,0,218186,220736
4806,0,218186,220736
4807,0,218186,220736
4808,0,218186,220736
4809,0,218186,220736
4810,0,218186,220736
4811,0,218186,220736
4812,0,218186,220736
4813,0,218186,220736
4814,0,218186,220736
4815,0,218186,220736
4816,0,218186,220736
4817,0,218186,220736
4818,0,218186,220736
4819,0,218186,220736
4820,0,218186,220736
4821,0,218186,220736
4822,0,218186,220736
4823,0,218186,220736
4824,0,218186,220736
4825,0,218186,220736
4826,0,218186,220736
4827,0,218186,220736
4828,0,218186,220736
4829,0,218186,220736
4830,0,218186,220736
4831,0,218186,220736
4832,0,218186,220736
4833,0,218186,220736
4834,0,218186,220736
4835,0,218186,220736
4836,0,218186,220736
4837,0,218186,220736
4838,0,218186,220736
4839,0,218186,220736
4840,0,218186,220736
4841,0,218186,220736
4842,0,218186,220736
4843,0,218186,220736
4844,0,218186,220736
4845,0,218186,220736
4846,0,218186,220736
4847,0,218186,220736
4848,0,218186,220736
4849,0,218186,220736
4850,0,218186,220736
4851,0,218186,220736
4852,0,218186,220736
4853,0,218186,220736
4854,0,218186,220736
4855,0,218186,220736
4856,0,218186,220736
4857,0,218186,220736
4858,0,218186,220736
4859,0,218186,220736
4860,0,218186,220736
4861,0,218186,220736
4862,0,218186,220736
4863,0,218186,220736
4864,0,218186,220736
4865,0,218186,220736
4866,0,218186,220736
4867,0,218186,220736
4868,0,218186,220736
4869,0,218186,220736
4870,0,218186,220736
4871,0,218186,220736
4872,0,218186,220736
4873,0,218186,220736
4874,0,218186,220736
4875,0,218186,220736
4876,0,218186,220736
4877,0,218186,220736
4878,0,218186,220736
4879,0,218186,220736
4880,0,218186,220736
4881,0,218186,220736
4882,0,218186,220736
4883,0,218186,220736
4884,0,218186,220736
4885,0,218186,220736
4886,0,218186,220736
4887,0,218186,220736
4888,0,218186,220736
4889,0,218186,220736
4890,0,218186,220736
4891,0,218186,220736
4892,0,218186,220736
4893,0,218186,220736
4894,0,218186,220736
4895,0,218186,220736
4896,0,218186,220736
4897,0,218186,220736
4898,0,218186,220736
4899,0,218186,220736
4900,0,218186,220736
4901,0,218186,220736
4902,0,218186,220736
4903,0,218186,220736
4904,0,218186,220736
4905,0,218186,220736
4906,0,218186,220736
4907,0,218186,220736
4908,0,218186,220736
4909,0,218186,220736
4910,0,218186,220736
4911,0,218186,220736
4912,0,218186,220736
4913,0,218186,220736
4914,0,218186,220736
4915,0,218186,220736
4916,0,218186,220736
4917,0,218186,220736
4918,0,218186,220736
4919,0,218186,220736
4920,0,218186,220736
4921,0,218186,220736
4922,0,218186,220736
4923,0,218186,220736
4924,0,218186,220736
4925,0,218186,220736
4926,0,218186,220736
4927,0,218186,220736
4928,0,218186,220736
4929,0,218186,220736
4930,0,218186,220736
4931,0,218186,220736
4932,0,218186,220736
4933,0,218186,220736
4934,0,218186,220736
4935,0,218186,220736
4936,0,218186,220736
4937,0,218186,220736
4938,0,218186,220736
4939,0,218186,220736
4940,0,218186,220736
4941,0,218186,220736
4942,0,218186,220736
4943,0,218186,220736
4944,0,218186,220736
4945,0,218186,220736
4946,0,218186,220736
4947,0,218186,220736
4948,0,218186,220736
4949,0,218186,220736
4950,0,218186,220736
4951,0,218186,220736
4952,0,218186,220736
4953,0,218186,220736
4954,0,218186,220736
4955,0,218186,220736
4956,0,218186,220736
4957,0,218186,220736
4958,0,218186,220736
4959,0,218186,220736
4960,0,218186,220736
4961,0,218186,220736
4962,0,218186,220736
4963,0,218186,220736
4964,0,218186,220736
4965,0,218186,220736
4966,0,218186,220736
4967,0,218186,220736
4968,0,218186,220736
4969,0,218186,220736
4970,0,218186,220736
4971,0,218186,220736
4972,0,218186,220736
4973,0,218186,220736
4974,0,218186,220736
4975,0,218186,220736
4976,0,218186,220736
4977,0,218186,220736
4978,0,218186,220736
4979,0,218186,220736
4980,0,218186,220736
4981,0,218186,220736
4982,0,218186,220736
4983,0,218186,220736
4984,0,218186,220736
4985,0,218186,220736
4986,0,218186,220736
4987,0,218186,220736
4988,0,218186,220736
4989,0,218186,220736
4990,0,218186,220736
4991,0,218186,220736
4992,0,218186,220736
4993,0,218186,220736
4994,0,218186,220736
4995,0,218186,220736
4996,0,218186,220736
4997,0,218186,220736
4998,0,218186,220736
4999,0,218186,220736
5000,0,218186,220736
5001,700,218186,220736
5002,700,218186,220736
5003,700,218186,220736
5004,700,218186,220736
5005,700,218186,220736
5006,700,218186,220736
5007,700,218186,220736
5008,700,218186,220736
5009,700,218186,220736
5010,700,218187,220736
5011,700,218187,220742
5012,700,218189,220764
5013,700,218190,220793
5014,700,218196,220826
5015,700,218223,220860
5016,700,218273,220896
5017,700,218333,220933
5018,700,218395,220971
5019,700,218454,221009
5020,700,218508,221055
5021,700,218559,221116
5022,700,218606,221185
5023,700,218647,221256
5024,700,218682,221324
5025,700,218714,221389
5026,700,218744,221453
5027,700,218775,221515
5028,700,218813,221573
5029,700,218859,221625
5030,700,218911,221672
5031,700,218963,221712
5032,700,219013,221747
5033,700,219061,221780
5034,700,219111,221810
5035,700,219167,221846
5036,700,219228,221895
5037,700,219291,221953
5038,700,219353,222014
5039,700,219412,222074
5040,700,219468,222131
5041,700,219521,222188
5042,700,219574,222245
5043,700,219627,222302
5044,700,219687,222358
5045,700,219752,222414
5046,700,219821,222472
5047,700,219890,222532
5048,700,219956,222592
5049,700,220021,222654
5050,700,220085,222719
5051,700,220148,222783
5052,700,220210,222847
5053,700,220270,222909
5054,700,220330,222969
5055,700,220386,223027
5056,700,220440,223085
5057,700,220497,223145
5058,700,220561,223207
5059,700,220630,223274
5060,700,220700,223344
5061,700,220770,223416
5062,700,220839,223489
5063,700,220908,223562
5064,700,220979,223632
5065,700,221051,223700
5066,700,221125,223766
5067,700,221198,223832
5068,700,221271,223900
5069,700,221345,223970
5070,700,221418,224043
5071,700,221490,224118
5072,700,221560,224193
5073,700,221628,224269
5074,700,221699,224348
5075,700,221773,224429
5076,700,221846,224512
5077,700,221922,224594
5078,700,221999,224673
5079,700,222079,224750
5080,700,222163,224824
5081,700,222250,224900
5082,700,222337,224978
5083,700,222421,225055
5084,700,222499,225137
5085,700,222570,225229
5086,700,222642,225330
5087,700,222716,225437
5088,700,222793,225548
5089,700,222873,225658
5090,700,222953,225764
5091,700,223032,225848
5092,700,223113,225907
5093,700,223194,225965
5094,700,223277,226031
5095,700,223359,226101
5096,700,223441,226176
5097,700,223523,226254
5098,700,223607,226336
5099,700,223692,226420
5100,700,223779,226509
5101,700,223865,226604
5102,700,223951,226701
5103,700,224038,226795
5104,700,224125,226889
5105,700,224212,226974
5106,700,224301,227041
5107,700,224392,227101
5108,700,224482,227170
5109,700,224573,227236
5110,700,224663,227312
5111,700,224755,227392
5112,700,224849,227479
5113,700,224942,227570
5114,700,225038,227666
5115,700,225138,227763
5116,700,225237,227864
5117,700,225334,227968
5118,700,225435,228075
5119,700,225537,228177
5120,700,225640,228279
5121,700,225745,228379
5122,700,225848,228481
5123,700,225949,228587
5124,700,226052,228693
5125,700,226157,228800
5126,700,226263,228912
5127,700,226367,229030
5128,700,226472,229149
5129,700,226580,229266
5130,700,226693,229382
5131,700,226806,229502
5132,700,226919,229631
5133,700,227030,229759
5134,700,227140,229878
5135,700,227252,229998
5136,700,227361,230113
5137,700,227467,230226
5138,700,227575,230337
5139,700,227687,230446
5140,700,227800,230553
5141,700,227908,230660
5142,700,228015,230766
5143,700,228128,230871
5144,700,228242,230979
5145,700,228351,231088
5146,700,228456,231199
5147,700,228561,231307
5148,700,228664,231414
5149,700,228769,231518
5150,700,228876,231619
5151,700,228984,231722
5152,700,229093,231822
5153,700,229198,231920
5154,700,229301,232020
5155,700,229400,232119
5156,700,229498,232220
5157,700,229596,232325
5158,700,229696,232426
5159,700,229802,232528
5160,700,229908,232635
5161,700,230011,232740
5162,700,230109,232841
5163,700,230203,232941
5164,700,230300,233038
5165,700,230401,233138
5166,700,230498,233239
5167,700,230594,233338
5168,700,230691,233438
5169,700,230786,233533
5170,700,230882,233629
5171,700,230984,233731
5172,700,231084,233829
5173,700,231180,233924
5174,700,231277,234020
5175,700,231374,234110
5176,700,231472,234202
5177,700,231573,234302
5178,700,231674,234394
5179,700,231775,234481
5180,700,231876,234576
5181,700,231979,234676
5182,700,232080,234773
5183,700,232179,234865
5184,700,232276,234961
5185,700,232374,235054
5186,700,232474,235155
5187,700,232576,235256
5188,700,232681,235357
5189,700,232787,235457
5190,700,232891,235555
5191,700,232993,235655
5192,700,233094,235760
5193,700,233194,235866
5194,700,233294,235970
5195,700,233395,236072
5196,700,233501,236178
5197,700,233608,236288
5198,700,233717,236395
5199,700,233823,236505
5200,700,233929,236619
5201,700,234036,236729
5202,700,234144,236841
5203,700,234253,236960
5204,700,234363,237076
5205,700,234472,237191
5206,700,234580,237311
5207,700,234688,237429
5208,700,234797,237546
5209,700,234905,237672
5210,700,235014,237799
5211,700,235123,237915
5212,700,235231,238041
5213,700,235339,238175
5214,700,235447,238300
5215,700,235555,238427
5216,700,235663,238554
5217,700,235772,238678
5218,700,235880,238803
5219,700,235988,238931
5220,700,236098,239056
5221,700,236207,239182
5222,700,236316,239299
5223,700,236425,239412
5224,700,236534,239531
5225,700,236643,239647
5226,700,236753,239758
5227,700,236864,239871
5228,700,236976,239980
5229,700,237087,240082
5230,700,237198,240187
5231,700,237309,240288
5232,700,237419,240392
5233,700,237528,240496
5234,700,237637,240590
5235,700,237745,240683
5236,700,237852,240780
5237,700,237958,240871
5238,700,238065,240968
5239,700,238173,241075
5240,700,238280,241184
5241,700,238386,241301
5242,700,238489,241402
5243,700,238590,241488
5244,700,238692,241589
5245,700,238794,241704
5246,700,238898,241813
5247,700,239003,241910
5248,700,239109,242012
5249,700,239212,242116
5250,700,239314,242222
5251,700,239418,242328
5252,700,239522,242423
5253,700,239624,242517
5254,700,239726,242621
5255,700,239830,242724
5256,700,239934,242828
5257,700,240037,242931
5258,700,240139,243031
5259,700,240242,243131
5260,700,240348,243233
5261,700,240455,243331
5262,700,240563,243430
5263,700,240671,243528
5264,700,240780,243625
5265,700,240887,243728
5266,700,240996,243834
5267,700,241108,243945
5268,700,241222,244055
5269,700,241336,244166
5270,700,241450,244280
5271,700,241562,244396
5272,700,241673,244509
5273,700,241787,244625
5274,700,241903,244745
5275,700,242020,244867
5276,700,242138,244994
5277,700,242254,245117
5278,700,242370,245235
5279,700,242487,245358
5280,700,242603,245481
5281,700,242721,245598
5282,700,242837,245718
5283,700,242955,245839
5284,700,243075,245954
5285,700,243195,246081
5286,700,243315,246209
5287,700,243435,246330
5288,700,243558,246451
5289,700,243678,246574
5290,700,243798,246698
5291,700,243918,246818
5292,700,244040,246942
5293,700,244163,247069
5294,700,244288,247191
5295,700,244411,247309
5296,700,244528,247431
5297,700,244643,247554
5298,700,244762,247674
5299,700,244879,247794
5300,700,244994,247912
5301,700,245107,248026
5302,700,245220,248142
5303,700,245331,248254
5304,700,245442,248360
5305,700,245552,248467
5306,700,245663,248570
5307,700,245772,248671
5308,700,245881,248774
5309,700,245986,248875
5310,700,246093,248979
5311,700,246199,249081
5312,700,246306,249181
5313,700,246413,249281
5314,700,246516,249382
5315,700,246615,249487
5316,700,246716,249593
5317,700,246819,249694
5318,700,246921,249795
5319,700,247024,249894
5320,700,247124,249992
5321,700,247220,250102
5322,700,247323,250210
5323,700,247428,250311
5324,700,247532,250410
5325,700,247633,250509
5326,700,247732,250606
5327,700,247831,250699
5328,700,247937,250791
5329,700,248044,250888
5330,700,248150,250992
5331,700,248255,251098
5332,700,248363,251201
5333,700,248470,251301
5334,700,248576,251399
5335,700,248680,251501
5336,700,248784,251606
5337,700,248889,251710
5338,700,248994,251813
5339,700,249097,251917
5340,700,249201,252020
5341,700,249306,252124
5342,700,249413,252231
5343,700,249520,252337
5344,700,249627,252443
5345,700,249734,252552
5346,700,249844,252665
5347,700,249954,252778
5348,700,250065,252890
5349,700,250174,253006
5350,700,250283,253122
5351,700,250390,253242
5352,700,250500,253367
5353,700,250613,253488
5354,700,250726,253600
5355,700,250838,253727
5356,700,250949,253851
5357,700,251061,253971
5358,700,251173,254099
5359,700,251285,254227
5360,700,251396,254350
5361,700,251507,254484
5362,700,251618,254616
5363,700,251728,254741
5364,700,251836,254877
5365,700,251945,255004
5366,700,252054,255132
5367,700,252161,255257
5368,700,252268,255372
5369,700,252374,255494
5370,700,252481,255619
5371,700,252589,255738
5372,700,252697,255854
5373,700,252804,255971
5374,700,252912,256088
5375,700,253022,256205
5376,700,253134,256319
5377,700,253244,256421
5378,700,253353,256526
5379,700,253461,256628
5380,700,253570,256733
5381,700,253679,256840
5382,700,253790,256942
5383,700,253902,257043
5384,700,254012,257141
5385,700,254123,257237
5386,700,254234,257334
5387,700,254343,257438
5388,700,254452,257549
5389,700,254560,257654
5390,700,254667,257756
5391,700,254773,257856
5392,700,254877,257961
5393,700,254981,258068
5394,700,255085,258170
5395,700,255189,258266
5396,700,255293,258376
5397,700,255396,258488
5398,700,255500,258597
5399,700,255604,258702
5400,700,255709,258797
5401,700,255813,258889
5402,700,255917,258990
5403,700,256019,259092
5404,700,256123,259197
5405,700,256227,259301
5406,700,256331,259400
5407,700,256434,259499
5408,700,256539,259598
5409,700,256645,259696
5410,700,256752,259797
5411,700,256862,259898
5412,700,256971,260002
5413,700,257080,260109
5414,700,257188,260216
5415,700,257297,260322
5416,700,257407,260431
5417,700,257520,260545
5418,700,257631,260658
5419,700,257742,260772
5420,700,257855,260888
5421,700,257970,261008
5422,700,258086,261127
5423,700,258200,261246
5424,700,258316,261366
5425,700,258432,261486
5426,700,258548,261604
5427,700,258667,261723
5428,700,258786,261846
5429,700,258903,261968
5430,700,259020,262094
5431,700,259138,262215
5432,700,259257,262333
5433,700,259375,262457
5434,700,259492,262589
5435,700,259611,262721
5436,700,259731,262851
5437,700,259850,262973
5438,700,259971,263096
5439,700,260094,263216
5440,700,260216,263335
5441,700,260337,263457
5442,700,260460,263578
5443,700,260584,263700
5444,700,260705,263823
5445,700,260823,263943
5446,700,260941,264066
5447,700,261059,264186
5448,700,261176,264301
5449,700,261292,264415
5450,700,261406,264525
5451,700,261519,264632
5452,700,261633,264735
5453,700,261747,264840
5454,700,261860,264945
5455,700,261971,265050
5456,700,262080,265157
5457,700,262183,265265
5458,700,262285,265374
5459,700,262391,265483
5460,700,262507,265596
5461,700,262625,265705
5462,700,262739,265805
5463,700,262849,265900
5464,700,262956,265995
5465,700,263061,266086
5466,700,263165,266182
5467,700,263265,266285
5468,700,263365,266388
5469,700,263469,266491
5470,700,263574,266596
5471,700,263680,266698
5472,700,263787,266796
5473,700,263890,266891
5474,700,263990,266985
5475,700,264088,267081
5476,700,264186,267177
5477,700,264287,267278
5478,700,264392,267384
5479,700,264496,267488
5480,700,264597,267589
5481,700,264701,267692
5482,700,264806,267796
5483,700,264910,267899
5484,700,265014,268005
5485,700,265118,268111
5486,700,265223,268216
5487,700,265331,268320
5488,700,265440,268425
5489,700,265548,268530
5490,700,265655,268637
5491,700,265764,268743
5492,700,265875,268850
5493,700,265987,268960
5494,700,266098,269074
5495,700,266206,269183
5496,700,266313,269300
5497,700,266421,269419
5498,700,266531,269533
5499,700,266641,269649
5500,700,266751,269775
5501,700,266861,269897
5502,700,266971,270017
5503,700,267082,270146
5504,700,267194,270267
5505,700,267305,270394
5506,700,267417,270527
5507,700,267529,270655
5508,700,267641,270778
5509,700,267753,270914
5510,700,267865,271043
5511,700,267976,271167
5512,700,268088,271298
5513,700,268199,271423
5514,700,268310,271549
5515,700,268421,271679
5516,700,268532,271797
5517,700,268642,271916
5518,700,268753,272034
5519,700,268864,272149
5520,700,268974,272270
5521,700,269084,272389
5522,700,269194,272503
5523,700,269303,272614
5524,700,269412,272724
5525,700,269522,272836
5526,700,269631,272942
5527,700,269741,273043
5528,700,269851,273149
5529,700,269959,273262
5530,700,270068,273366
5531,700,270178,273465
5532,700,270288,273576
5533,700,270397,273689
5534,700,270508,273785
5535,700,270621,273883
5536,700,270732,273993
5537,700,270842,274090
5538,700,270951,274175
5539,700,271058,274259
5540,700,271162,274366
5541,700,271267,274480
5542,700,271373,274573
5543,700,271479,274663
5544,700,271587,274774
5545,700,271695,274891
5546,700,271802,275005
5547,700,271908,275110
5548,700,272013,275203
5549,700,272117,275296
5550,700,272222,275393
5551,700,272327,275495
5552,700,272434,275605
5553,700,272541,275717
5554,700,272648,275823
5555,700,272757,275926
5556,700,272863,276024
5557,700,272972,276121
5558,700,273082,276219
5559,700,273191,276319
5560,700,273300,276426
5561,700,273408,276536
5562,700,273518,276646
5563,700,273632,276761
5564,700,273746,276877
5565,700,273858,276996
5566,700,273971,277115
5567,700,274084,277233
5568,700,274198,277350
5569,700,274312,277473
5570,700,274427,277591
5571,700,274541,277711
5572,700,274657,277831
5573,700,274770,277950
5574,700,274883,278073
5575,700,274999,278197
5576,700,275115,278320
5577,700,275230,278445
5578,700,275346,278571
5579,700,275462,278694
5580,700,275579,278820
5581,700,275697,278947
5582,700,275814,279070
5583,700,275934,279192
5584,700,276056,279315
5585,700,276178,279437
5586,700,276303,279555
5587,700,276427,279674
5588,700,276544,279798
5589,700,276654,279921
5590,700,276768,280041
5591,700,276891,280162
5592,700,277018,280288
5593,700,277146,280410
5594,700,277271,280529
5595,700,277387,280647
5596,700,277496,280758
5597,700,277608,280869
5598,700,277724,280977
5599,700,277834,281084
5600,700,277944,281192
5601,700,278056,281297
5602,700,278173,281400
5603,700,278290,281506
5604,700,278405,281613
5605,700,278516,281724
5606,700,278624,281831
5607,700,278730,281935
5608,700,278841,282036
5609,700,278958,282133
5610,700,279073,282229
5611,700,279188,282324
5612,700,279296,282418
5613,700,279402,282509
5614,700,279509,282605
5615,700,279611,282706
5616,700,279713,282813
5617,700,279816,282922
5618,700,279920,283028
5619,700,280025,283132
5620,700,280132,283227
5621,700,280236,283320
5622,700,280338,283421
5623,700,280444,283523
5624,700,280551,283624
5625,700,280660,283725
5626,700,280771,283827
5627,700,280883,283930
5628,700,280996,284035
5629,700,281108,284140
5630,700,281222,284244
5631,700,281331,284347
5632,700,281436,284450
5633,700,281538,284555
5634,700,281640,284662
5635,700,281741,284767
5636,700,281844,284869
5637,700,281948,284971
5638,700,282052,285076
5639,700,282157,285182
5640,700,282258,285291
5641,700,282354,285406
5642,700,282451,285522
5643,700,282553,285637
5644,700,282659,285756
5645,700,282768,285875
5646,700,282879,285987
5647,700,282990,286111
5648,700,283101,286235
5649,700,283211,286352
5650,700,283322,286476
5651,700,283432,286599
5652,700,283542,286716
5653,700,283651,286847
5654,700,283760,286981
5655,700,283870,287107
5656,700,283983,287236
5657,700,284096,287370
5658,700,284209,287499
5659,700,284321,287631
5660,700,284431,287755
5661,700,284542,287884
5662,700,284653,288010
5663,700,284764,288124
5664,700,284875,288242
5665,700,284986,288364
5666,700,285098,288485
5667,700,285212,288604
5668,700,285328,288722
5669,700,285443,288836
5670,700,285558,288953
5671,700,285671,289072
5672,700,285783,289183
5673,700,285896,289284
5674,700,286007,289387
5675,700,286117,289495
5676,700,286225,289606
5677,700,286332,289713
5678,700,286437,289807
5679,700,286543,289907
5680,700,286652,290012
5681,700,286761,290110
5682,700,286872,290212
5683,700,286981,290323
5684,700,287089,290424
5685,700,287197,290520
5686,700,287306,290611
5687,700,287416,290707
5688,700,287524,290817
5689,700,287630,290929
5690,700,287735,291023
5691,700,287840,291114
5692,700,287945,291213
5693,700,288051,291321
5694,700,288156,291438
5695,700,288261,291552
5696,700,288366,291655
5697,700,288473,291752
5698,700,288581,291844
5699,700,288690,291938
5700,700,288797,292037
5701,700,288903,292140
5702,700,289010,292244
5703,700,289115,292350
5704,700,289219,292452
5705,700,289324,292549
5706,700,289430,292646
5707,700,289538,292747
5708,700,289648,292854
5709,700,289756,292964
5710,700,289865,293073
5711,700,289975,293182
5712,700,290085,293293
5713,700,290196,293411
5714,700,290308,293529
5715,700,290420,293646
5716,700,290530,293762
5717,700,290642,293878
5718,700,290755,293998
5719,700,290866,294120
5720,700,290978,294238
5721,700,291091,294354
5722,700,291206,294472
5723,700,291323,294593
5724,700,291442,294714
5725,700,291563,294836
5726,700,291684,294961
5727,700,291806,295081
5728,700,291928,295207
5729,700,292050,295334
5730,700,292172,295457
5731,700,292294,295581
5732,700,292417,295705
5733,700,292539,295830
5734,700,292660,295953
5735,700,292780,296078
5736,700,292904,296203
5737,700,293022,296326
5738,700,293139,296447
5739,700,293260,296571
5740,700,293383,296697
5741,700,293505,296820
5742,700,293626,296941
5743,700,293747,297058
5744,700,293863,297173
5745,700,293979,297294
5746,700,294100,297405
5747,700,294216,297510
5748,700,294328,297615
5749,700,294438,297713
5750,700,294551,297810
5751,700,294665,297912
5752,700,294780,298014
5753,700,294894,298115
5754,700,295007,298220
5755,700,295113,298327
5756,700,295216,298429
5757,700,295321,298528
5758,700,295426,298623
5759,700,295532,298723
5760,700,295638,298828
5761,700,295744,298938
5762,700,295851,299042
5763,700,295957,299139
5764,700,296063,299241
5765,700,296167,299341
5766,700,296271,299445
5767,700,296376,299548
5768,700,296485,299648
5769,700,296593,299749
5770,700,296694,299853
5771,700,296796,299951
5772,700,296902,300049
5773,700,297008,300150
5774,700,297113,300251
5775,700,297213,300352
5776,700,297314,300458
5777,700,297420,300563
5778,700,297530,300667
5779,700,297642,300769
5780,700,297753,300869
5781,700,297863,300970
5782,700,297969,301073
5783,700,298073,301176
5784,700,298177,301279
5785,700,298283,301382
5786,700,298393,301486
5787,700,298505,301592
5788,700,298614,301702
5789,700,298721,301815
5790,700,298828,301924
5791,700,298935,302042
5792,700,299044,302162
5793,700,299152,302282
5794,700,299260,302400
5795,700,299371,302525
5796,700,299480,302647
5797,700,299588,302762
5798,700,299697,302885
5799,700,299806,303013
5800,700,299917,303138
5801,700,300027,303268
5802,700,300138,303400
5803,700,300249,303525
5804,700,300361,303659
5805,700,300473,303793
5806,700,300584,303923
5807,700,300695,304048
5808,700,300806,304172
5809,700,300916,304303
5810,700,301026,304419
5811,700,301136,304531
5812,700,301247,304651
5813,700,301357,304771
5814,700,301467,304885
5815,700,301582,305001
5816,700,301700,305120
5817,700,301819,305236
5818,700,301938,305348
5819,700,302055,305462
5820,700,302171,305574
5821,700,302286,305681
5822,700,302400,305786
5823,700,302513,305900
5824,700,302624,306019
5825,700,302732,306126
5826,700,302840,306222
5827,700,302947,306326
5828,700,303053,306438
5829,700,303156,306541
5830,700,303261,306635
5831,700,303368,306720
5832,700,303475,306807
5833,700,303582,306905
5834,700,303690,306999
5835,700,303795,307100
5836,700,303901,307208
5837,700,304004,307311
5838,700,304108,307413
5839,700,304215,307520
5840,700,304324,307627
5841,700,304434,307740
5842,700,304542,307855
5843,700,304650,307962
5844,700,304757,308061
5845,700,304863,308156
5846,700,304969,308253
5847,700,305076,308356
5848,700,305182,308463
5849,700,305288,308569
5850,700,305394,308673
5851,700,305501,308775
5852,700,305609,308871
5853,700,305718,308967
5854,700,305825,309063
5855,700,305932,309163
5856,700,306038,309266
5857,700,306146,309373
5858,700,306256,309480
5859,700,306366,309588
5860,700,306477,309701
5861,700,306589,309818
5862,700,306701,309933
5863,700,306814,310045
5864,700,306926,310161
5865,700,307038,310278
5866,700,307152,310395
5867,700,307266,310516
5868,700,307380,310638
5869,700,307496,310758
5870,700,307614,310878
5871,700,307733,310998
5872,700,307849,311117
5873,700,307967,311239
5874,700,308085,311365
5875,700,308208,311485
5876,700,308329,311611
5877,700,308449,311736
5878,700,308571,311859
5879,700,308694,311985
5880,700,308816,312109
5881,700,308938,312234
5882,700,309059,312357
5883,700,309179,312481
5884,700,309299,312605
5885,700,309416,312727
5886,700,309535,312847
5887,700,309656,312971
5888,700,309780,313094
5889,700,309905,313217
5890,700,310029,313338
5891,700,310151,313455
5892,700,310270,313570
5893,700,310386,313685
5894,700,310503,313794
5895,700,310617,313902
5896,700,310730,314011
5897,700,310845,314114
5898,700,310958,314215
5899,700,311069,314314
5900,700,311176,314411
5901,700,311286,314509
5902,700,311394,314608
5903,700,311500,314709
5904,700,311606,314809
5905,700,311714,314911
5906,700,311823,315015
5907,700,311933,315122
5908,700,312041,315226
5909,700,312145,315325
5910,700,312256,315424
5911,700,312366,315524
5912,700,312472,315631
5913,700,312578,315736
5914,700,312679,315839
5915,700,312782,315941
5916,700,312892,316043
5917,700,313005,316149
5918,700,313112,316254
5919,700,313213,316356
5920,700,313310,316453
5921,700,313413,316552
5922,700,313520,316654
5923,700,313630,316755
5924,700,313739,316857
5925,700,313847,316960
5926,700,313955,317060
5927,700,314061,317163
5928,700,314166,317265
5929,700,314272,317367
5930,700,314377,317471
5931,700,314483,317572
5932,700,314589,317675
5933,700,314696,317780
5934,700,314801,317888
5935,700,314907,317995
5936,700,315014,318103
5937,700,315122,318218
5938,700,315228,318328
5939,700,315335,318444
5940,700,315442,318565
5941,700,315552,318683
5942,700,315662,318797
5943,700,315773,318918
5944,700,315884,319036
5945,700,315993,319156
5946,700,316103,319281
5947,700,316212,319405
5948,700,316322,319537
5949,700,316431,319669
5950,700,316542,319794
5951,700,316654,319929
5952,700,316767,320062
5953,700,316880,320185
5954,700,316992,320317
5955,700,317103,320448
5956,700,317215,320567
5957,700,317328,320690
5958,700,317442,320811
5959,700,317557,320930
5960,700,317671,321052
5961,700,317784,321170
5962,700,317897,321282
5963,700,318011,321400
5964,700,318123,321519
5965,700,318236,321632
5966,700,318349,321742
5967,700,318461,321855
5968,700,318573,321967
5969,700,318685,322075
5970,700,318798,322178
5971,700,318910,322285
5972,700,319021,322399
5973,700,319132,322502
5974,700,319245,322597
5975,700,319358,322699
5976,700,319471,322800
5977,700,319584,322898
5978,700,319697,323002
5979,700,319807,323105
5980,700,319917,323205
5981,700,320025,323305
5982,700,320131,323399
5983,700,320236,323496
5984,700,320341,323606
5985,700,320446,323709
5986,700,320550,323811
5987,700,320655,323914
5988,700,320759,324023
5989,700,320863,324135
5990,700,320965,324250
5991,700,321065,324365
5992,700,321165,324480
5993,700,321267,324591
5994,700,321371,324701
5995,700,321476,324809
5996,700,321583,324916
5997,700,321688,325018
5998,700,321792,325111
5999,700,321897,325202
6000,700,322002,325292
6001,0,322109,325382
6002,0,322217,325473
6003,0,322326,325568
6004,0,322436,325667
6005,0,322546,325770
6006,0,322658,325875
6007,0,322770,325981
6008,0,322880,326089
6009,0,322991,326200
6010,0,323104,326313
6011,0,323218,326424
6012,0,323330,326539
6013,0,323439,326656
6014,0,323548,326774
6015,0,323657,326893
6016,0,323768,327012
6017,0,323881,327133
6018,0,323995,327255
6019,0,324109,327375
6020,0,324223,327495
6021,0,324337,327613
6022,0,324453,327731
6023,0,324570,327851
6024,0,324687,327975
6025,0,324806,328101
6026,0,324925,328224
6027,0,325045,328347
6028,0,325164,328471
6029,0,325283,328594
6030,0,325401,328715
6031,0,325518,328834
6032,0,325635,328955
6033,0,325750,329073
6034,0,325863,329188
6035,0,325978,329302
6036,0,326094,329419
6037,0,326209,329534
6038,0,326324,329647
6039,0,326437,329758
6040,0,326552,329864
6041,0,326666,329965
6042,0,326775,330062
6043,0,326883,330157
6044,0,326989,330260
6045,0,327095,330373
6046,0,327202,330485
6047,0,327307,330589
6048,0,327411,330685
6049,0,327514,330784
6050,0,327615,330895
6051,0,327717,331004
6052,0,327819,331108
6053,0,327920,331219
6054,0,328021,331327
6055,0,328119,331422
6056,0,328217,331509
6057,0,328317,331592
6058,0,328417,331677
6059,0,328514,331769
6060,0,328610,331856
6061,0,328707,331939
6062,0,328808,332027
6063,0,328908,332110
6064,0,329004,332190
6065,0,329098,332271
6066,0,329191,332354
6067,0,329285,332433
6068,0,329376,332520
6069,0,329463,332604
6070,0,329547,332689
6071,0,329631,332773
6072,0,329715,332860
6073,0,329802,332951
6074,0,329891,333041
6075,0,329985,333130
6076,0,330078,333220
6077,0,330166,333305
6078,0,330251,333390
6079,0,330339,333476
6080,0,330429,333561
6081,0,330519,333646
6082,0,330609,333731
6083,0,330698,333816
6084,0,330789,333901
6085,0,330884,333986
6086,0,330974,334074
6087,0,331054,334162
6088,0,331139,334254
6089,0,331228,334343
6090,0,331318,334432
6091,0,331407,334525
6092,0,331494,334618
6093,0,331582,334707
6094,0,331669,334799
6095,0,331757,334889
6096,0,331847,334983
6097,0,331933,335072
6098,0,332019,335164
6099,0,332106,335259
6100,0,332196,335354
6101,0,332284,335444
6102,0,332370,335541
6103,0,332456,335642
6104,0,332543,335732
6105,0,332631,335822
6106,0,332717,335919
6107,0,332804,336025
6108,0,332890,336120
6109,0,332977,336213
6110,0,333064,336310
6111,0,333151,336412
6112,0,333237,336505
6113,0,333323,336597
6114,0,333409,336688
6115,0,333493,336780
6116,0,333575,336870
6117,0,333655,336963
6118,0,333737,337051
6119,0,333820,337139
6120,0,333904,337227
6121,0,333987,337318
6122,0,334068,337406
6123,0,334148,337492
6124,0,334230,337576
6125,0,334314,337660
6126,0,334399,337745
6127,0,334484,337830
6128,0,334566,337913
6129,0,334645,337995
6130,0,334725,338075
6131,0,334809,338156
6132,0,334893,338236
6133,0,334975,338311
6134,0,335056,338387
6135,0,335135,338464
6136,0,335214,338543
6137,0,335293,338621
6138,0,335371,338696
6139,0,335449,338772
6140,0,335527,338846
6141,0,335605,338918
6142,0,335683,338988
6143,0,335761,339060
6144,0,335839,339130
6145,0,335915,339198
6146,0,335992,339269
6147,0,336068,339341
6148,0,336143,339415
6149,0,336218,339485
6150,0,336292,339553
6151,0,336367,339620
6152,0,336441,339685
6153,0,336512,339750
6154,0,336583,339819
6155,0,336655,339889
6156,0,336727,339960
6157,0,336800,340029
6158,0,336874,340097
6159,0,336950,340166
6160,0,337023,340238
6161,0,337093,340310
6162,0,337161,340380
6163,0,337229,340450
6164,0,337300,340524
6165,0,337371,340599
6166,0,337440,340671
6167,0,337507,340741
6168,0,337577,340805
6169,0,337647,340868
6170,0,337716,340931
6171,0,337784,340997
6172,0,337853,341064
6173,0,337924,341133
6174,0,337993,341198
6175,0,338061,341260
6176,0,338129,341320
6177,0,338199,341380
6178,0,338271,341443
6179,0,338341,341508
6180,0,338409,341572
6181,0,338477,341637
6182,0,338545,341702
6183,0,338615,341769
6184,0,338685,341837
6185,0,338755,341905
6186,0,338823,341974
6187,0,338893,342045
6188,0,338964,342115
6189,0,339033,342186
6190,0,339101,342255
6191,0,339170,342325
6192,0,339239,342399
6193,0,339309,342472
6194,0,339377,342545
6195,0,339444,342618
6196,0,339512,342690
6197,0,339582,342763
6198,0,339651,342837
6199,0,339720,342911
6200,0,339789,342984
6201,0,339859,343058
6202,0,339929,343132
6203,0,340000,343204
6204,0,340072,343274
6205,0,340144,343346
6206,0,340215,343418
6207,0,340286,343490
6208,0,340358,343564
6209,0,340427,343640
6210,0,340496,343716
6211,0,340565,343792
6212,0,340637,343869
6213,0,340707,343950
6214,0,340778,344030
6215,0,340851,344108
6216,0,340924,344183
6217,0,340997,344259
6218,0,341068,344340
6219,0,341141,344417
6220,0,341213,344489
6221,0,341284,344561
6222,0,341355,344634
6223,0,341426,344705
6224,0,341497,344776
6225,0,341568,344847
6226,0,341639,344917
6227,0,341709,344987
6228,0,341778,345056
6229,0,341848,345126
6230,0,341916,345195
6231,0,341983,345263
6232,0,342050,345332
6233,0,342117,345400
6234,0,342186,345466
6235,0,342254,345533
6236,0,342318,345600
6237,0,342379,345667
6238,0,342441,345735
6239,0,342506,345800
6240,0,342572,345864
6241,0,342638,345925
6242,0,342704,345989
6243,0,342769,346054
6244,0,342834,346117
6245,0,342897,346179
6246,0,342961,346236
6247,0,343025,346291
6248,0,343089,346346
6249,0,343152,346403
6250,0,343212,346458
6251,0,343272,346510
6252,0,343331,346564
6253,0,343392,346617
6254,0,343454,346672
6255,0,343514,346728
6256,0,343573,346788
6257,0,343632,346849
6258,0,343691,346906
6259,0,343751,346957
6260,0,343808,347002
6261,0,343863,347045
6262,0,343917,347091
6263,0,343972,347145
6264,0,344030,347204
6265,0,344087,347261
6266,0,344141,347313
6267,0,344193,347358
6268,0,344244,347404
6269,0,344298,347452
6270,0,344354,347503
6271,0,344407,347556
6272,0,344458,347604
6273,0,344508,347651
6274,0,344557,347694
6275,0,344608,347741
6276,0,344662,347791
6277,0,344719,347843
6278,0,344773,347894
6279,0,344822,347940
6280,0,344870,347982
6281,0,344922,348024
6282,0,344976,348071
6283,0,345027,348122
6284,0,345076,348172
6285,0,345126,348218
6286,0,345175,348259
6287,0,345225,348300
6288,0,345275,348343
6289,0,345325,348390
6290,0,345374,348438
6291,0,345421,348483
6292,0,345467,348525
6293,0,345515,348567
6294,0,345567,348610
6295,0,345617,348654
6296,0,345665,348699
6297,0,345711,348741
6298,0,345755,348781
6299,0,345798,348821
6300,0,345841,348864
6301,0,345888,348908
6302,0,345937,348950
6303,0,345984,348988
6304,0,346029,349027
6305,0,346073,349066
6306,0,346119,349109
6307,0,346165,349154
6308,0,346212,349198
6309,0,346259,349241
6310,0,346307,349283
6311,0,346354,349325
6312,0,346399,349365
6313,0,346444,349405
6314,0,346488,349446
6315,0,346532,349489
6316,0,346575,349531
6317,0,346615,349573
6318,0,346655,349612
6319,0,346696,349651
6320,0,346739,349692
6321,0,346782,349735
6322,0,346825,349779
6323,0,346869,349823
6324,0,346913,349865
6325,0,346959,349908
6326,0,347004,349949
6327,0,347048,349989
6328,0,347091,350029
6329,0,347135,350071
6330,0,347179,350113
6331,0,347224,350154
6332,0,347268,350195
6333,0,347312,350236
6334,0,347355,350277
6335,0,347399,350319
6336,0,347442,350362
6337,0,347485,350406
6338,0,347527,350449
6339,0,347568,350492
6340,0,347609,350535
6341,0,347651,350578
6342,0,347693,350623
6343,0,347736,350666
6344,0,347779,350709
6345,0,347821,350752
6346,0,347862,350797
6347,0,347902,350841
6348,0,347941,350884
6349,0,347982,350929
6350,0,348022,350969
6351,0,348064,351010
6352,0,348108,351054
6353,0,348150,351096
6354,0,348189,351138
6355,0,348229,351180
6356,0,348269,351224
6357,0,348310,351268
6358,0,348351,351308
6359,0,348392,351349
6360,0,348431,351392
6361,0,348470,351433
6362,0,348508,351476
6363,0,348546,351520
6364,0,348585,351565
6365,0,348623,351611
6366,0,348659,351650
6367,0,348696,351691
6368,0,348733,351732
6369,0,348771,351774
6370,0,348809,351814
6371,0,348847,351853
6372,0,348885,351894
6373,0,348923,351939
6374,0,348961,351984
6375,0,348997,352024
6376,0,349033,352063
6377,0,349069,352105
6378,0,349107,352146
6379,0,349145,352185
6380,0,349182,352225
6381,0,349220,352267
6382,0,349258,352312
6383,0,349294,352356
6384,0,349331,352396
6385,0,349367,352435
6386,0,349401,352476
6387,0,349434,352515
6388,0,349468,352554
6389,0,349502,352593
6390,0,349536,352632
6391,0,349571,352673
6392,0,349607,352709
6393,0,349641,352745
6394,0,349675,352782
6395,0,349708,352820
6396,0,349740,352855
6397,0,349772,352888
6398,0,349805,352921
6399,0,349838,352956
6400,0,349869,352992
6401,0,349899,353028
6402,0,349929,353065
6403,0,349961,353097
6404,0,349994,353129
6405,0,350027,353164
6406,0,350059,353196
6407,0,350090,353230
6408,0,350121,353264
6409,0,350151,353297
6410,0,350180,353329
6411,0,350211,353360
6412,0,350242,353391
6413,0,350273,353421
6414,0,350304,353453
6415,0,350333,353486
6416,0,350361,353517
6417,0,350389,353548
6418,0,350418,353580
6419,0,350449,353610
6420,0,350478,353641
6421,0,350506,353672
6422,0,350534,353705
6423,0,350562,353737
6424,0,350591,353769
6425,0,350621,353799
6426,0,350652,353830
6427,0,350682,353859
6428,0,350710,353889
6429,0,350739,353919
6430,0,350766,353948
6431,0,350794,353977
6432,0,350822,354004
6433,0,350849,354033
6434,0,350876,354062
6435,0,350904,354091
6436,0,350932,354120
6437,0,350961,354144
6438,0,350990,354169
6439,0,351018,354195
6440,0,351045,354225
6441,0,351072,354252
6442,0,351099,354277
6443,0,351126,354301
6444,0,351151,354327
6445,0,351176,354355
6446,0,351201,354380
6447,0,351227,354404
6448,0,351254,354429
6449,0,351280,354453
6450,0,351307,354472
6451,0,351332,354492
6452,0,351356,354516
6453,0,351380,354542
6454,0,351404,354567
6455,0,351430,354590
6456,0,351456,354614
6457,0,351481,354637
6458,0,351506,354658
6459,0,351529,354679
6460,0,351552,354701
6461,0,351575,354723
6462,0,351598,354744
6463,0,351620,354764
6464,0,351642,354784
6465,0,351664,354802
6466,0,351685,354820
6467,0,351706,354841
6468,0,351727,354863
6469,0,351748,354885
6470,0,351770,354906
6471,0,351792,354927
6472,0,351815,354948
6473,0,351839,354968
6474,0,351863,354987
6475,0,351886,355004
6476,0,351908,355021
6477,0,351931,355039
6478,0,351953,355058
6479,0,351976,355076
6480,0,351999,355093
6481,0,352022,355108
6482,0,352044,355123
6483,0,352066,355139
6484,0,352088,355157
6485,0,352110,355175
6486,0,352131,355191
6487,0,352153,355206
6488,0,352175,355223
6489,0,352197,355240
6490,0,352219,355256
6491,0,352240,355271
6492,0,352260,355285
6493,0,352279,355299
6494,0,352298,355311
6495,0,352318,355324
6496,0,352338,355338
6497,0,352357,355353
6498,0,352376,355368
6499,0,352395,355382
6500,0,352414,355395
6501,0,352433,355407
6502,0,352451,355419
6503,0,352469,355430
6504,0,352487,355440
6505,0,352505,355451
6506,0,352523,355464
6507,0,352540,355476
6508,0,352557,355489
6509,0,352574,355501
6510,0,352592,355515
6511,0,352610,355528
6512,0,352627,355539
6513,0,352645,355550
6514,0,352662,355562
6515,0,352678,355573
6516,0,352694,355585
6517,0,352710,355596
6518,0,352726,355608
6519,0,352743,355618
6520,0,352759,355629
6521,0,352774,355640
6522,0,352788,355650
6523,0,352801,355662
6524,0,352813,355672
6525,0,352824,355683
6526,0,352836,355693
6527,0,352848,355704
6528,0,352861,355714
6529,0,352874,355724
6530,0,352887,355734
6531,0,352900,355743
6532,0,352913,355753
6533,0,352927,355762
6534,0,352941,355772
6535,0,352954,355782
6536,0,352967,355792
6537,0,352981,355802
6538,0,352994,355812
6539,0,353007,355822
6540,0,353020,355831
6541,0,353032,355839
6542,0,353043,355848
6543,0,353054,355856
6544,0,353064,355864
6545,0,353074,355872
6546,0,353084,355880
6547,0,353095,355887
6548,0,353105,355895
6549,0,353114,355902
6550,0,353124,355908
6551,0,353134,355915
6552,0,353144,355922
6553,0,353153,355928
6554,0,353162,355934
6555,0,353172,355940
6556,0,353181,355945
6557,0,353191,355951
6558,0,353200,355957
6559,0,353209,355962
6560,0,353218,355966
6561,0,353226,355971
6562,0,353235,355975
6563,0,353243,355980
6564,0,353251,355984
6565,0,353258,355988
6566,0,353266,355992
6567,0,353274,355996
6568,0,353281,355999
6569,0,353288,356003
6570,0,353295,356006
6571,0,353302,356009
6572,0,353308,356012
6573,0,353315,356015
6574,0,353322,356018
6575,0,353329,356021
6576,0,353336,356025
6577,0,353344,356027
6578,0,353351,356030
6579,0,353357,356032
6580,0,353364,356034
6581,0,353370,356037
6582,0,353377,356040
6583,0,353384,356042
6584,0,353390,356044
6585,0,353396,356045
6586,0,353402,356047
6587,0,353408,356048
6588,0,353413,356050
6589,0,353418,356051
6590,0,353423,356052
6591,0,353428,356053
6592,0,353433,356054
6593,0,353437,356054
6594,0,353442,356055
6595,0,353446,356056
6596,0,353451,356056
6597,0,353455,356057
6598,0,353459,356057
6599,0,353463,356057
6600,0,353467,356057
6601,0,353471,356058
6602,0,353475,356058
6603,0,353478,356058
6604,0,353482,356058
6605,0,353485,356058
6606,0,353488,356058
6607,0,353491,356058
6608,0,353495,356058
6609,0,353498,356058
6610,0,353501,356058
6611,0,353505,356058
6612,0,353508,356058
6613,0,353513,356058
6614,0,353517,356058
6615,0,353520,356058
6616,0,353524,356058
6617,0,353527,356058
6618,0,353529,356058
6619,0,353532,356058
6620,0,353535,356059
6621,0,353537,356059
6622,0,353539,356059
6623,0,353541,356059
6624,0,353543,356059
6625,0,353545,356059
6626,0,353546,356059
6627,0,353548,356059
6628,0,353549,356059
6629,0,353551,356059
6630,0,353551,356059
6631,0,353552,356059
6632,0,353553,356059
6633,0,353554,356059
6634,0,353555,356059
6635,0,353556,356059
6636,0,353556,356059
6637,0,353557,356059
6638,0,353557,356059
6639,0,353557,356059
6640,0,353558,356059
6641,0,353558,356059
6642,0,353559,356059
6643,0,353560,356059
6644,0,353560,356059
6645,0,353561,356059
6646,0,353563,356059
6647,0,353564,356059
6648,0,353565,356059
6649,0,353566,356059
6650,0,353567,356059
6651,0,353568,356059
6652,0,353568,356059
6653,0,353569,356059
6654,0,353569,356059
6655,0,353569,356059
6656,0,353569,356059
6657,0,353569,356059
6658,0,353569,356059
6659,0,353569,356059
6660,0,353569,356059
6661,0,353569,356059
6662,0,353569,356059
6663,0,353569,356059
6664,0,353569,356059
6665,0,353569,356059
6666,0,353569,356059
6667,0,353569,356059
6668,0,353569,356059
6669,0,353569,356059
6670,0,353569,356059
6671,0,353569,356059
6672,0,353569,356059
6673,0,353569,356059
6674,0,353569,356059
6675,0,353569,356059
6676,0,353569,356059
6677,0,353569,356059
6678,0,353569,356059
6679,0,353569,356059
6680,0,353569,356059
6681,0,353569,356059
6682,0,353569,356059
6683,0,353569,356059
6684,0,353569,356059
6685,0,353569,356059
6686,0,353569,356059
6687,0,353569,356059
6688,0,353569,356059
6689,0,353569,356059
6690,0,353569,356059
6691,0,353569,356059
6692,0,353569,356059
6693,0,353569,356059
6694,0,353569,356059
6695,0,353569,356059
6696,0,353569,356059
6697,0,353569,356059
6698,0,353569,356059
6699,0,353569,356059
6700,0,353569,356059
6701,0,353569,356059
6702,0,353569,356059
6703,0,353569,356059
6704,0,353569,356059
6705,0,353569,356059
6706,0,353569,356059
6707,0,353569,356059
6708,0,353569,356059
6709,0,353569,356059
6710,0,353569,356059
6711,0,353569,356059
6712,0,353569,356059
6713,0,353569,356059
6714,0,353569,356059
6715,0,353569,356059
6716,0,353569,356059
6717,0,353569,356059
6718,0,353569,356059
6719,0,353569,356059
6720,0,353569,356059
6721,0,353569,356059
6722,0,353569,356059
6723,0,353569,356059
6724,0,353569,356059
6725,0,353569,356059
6726,0,353569,356059
6727,0,353569,356059
6728,0,353569,356059
6729,0,353569,356059
6730,0,353569,356059
6731,0,353569,356059
6732,0,353569,356059
6733,0,353569,356059
6734,0,353569,356059
6735,0,353569,356059
6736,0,353569,356059
6737,0,353569,356059
6738,0,353569,356059
6739,0,353569,356059
6740,0,353569,356059
6741,0,353569,356059
6742,0,353569,356059
6743,0,353569,356059
6744,0,353569,356059
6745,0,353569,356059
6746,0,353569,356059
6747,0,353569,356059
6748,0,353569,356059
6749,0,353569,356059
6750,0,353569,356059
6751,0,353569,356059
6752,0,353569,356059
6753,0,353569,356059
6754,0,353569,356059
6755,0,353569,356059
6756,0,353569,356059
6757,0,353569,356059
6758,0,353569,356059
6759,0,353569,356059
6760,0,353569,356059
6761,0,353569,356059
6762,0,353569,356059
6763,0,353569,356059
6764,0,353569,356059
6765,0,353569,356059
6766,0,353569,356059
6767,0,353569,356059
6768,0,353569,356059
6769,0,353569,356059
6770,0,353569,356059
6771,0,353569,356059
6772,0,353569,356059
6773,0,353569,356059
6774,0,353569,356059
6775,0,353569,356059
6776,0,353569,356059
6777,0,353569,356059
6778,0,353569,356059
6779,0,353569,356059
6780,0,353569,356059
6781,0,353569,356059
6782,0,353569,356059
6783,0,353569,356059
6784,0,353569,356059
6785,0,353569,356059
6786,0,353569,356059
6787,0,353569,356059
6788,0,353569,356059
6789,0,353569,356059
6790,0,353569,356059
6791,0,353569,356059
6792,0,353569,356059
6793,0,353569,356059
6794,0,353569,356059
6795,0,353569,356059
6796,0,353569,356059
6797,0,353569,356059
6798,0,353569,356059
6799,0,353569,356059
6800,0,353569,356059
6801,0,353569,356059
6802,0,353569,356059
6803,0,353569,356059
6804,0,353569,356059
6805,0,353569,356059
6806,0,353569,356059
6807,0,353569,356059
6808,0,353569,356059
6809,0,353569,356059
6810,0,353569,356059
6811,0,353569,356059
6812,0,353569,356059
6813,0,353569,356059
6814,0,353569,356059
6815,0,353569,356059
6816,0,353569,356059
6817,0,353569,356059
6818,0,353569,356059
6819,0,353569,356059
6820,0,353569,356059
6821,0,353569,356059
6822,0,353569,356059
6823,0,353569,356059
6824,0,353569,356059
6825,0,353569,356059
6826,0,353569,356059
6827,0,353569,356059
6828,0,353569,356059
6829,0,353569,356059
6830,0,353569,356059
6831,0,353569,356059
6832,0,353569,356059
6833,0,353569,356059
6834,0,353569,356059
6835,0,353569,356059
6836,0,353569,356059
6837,0,353569,356059
6838,0,353569,356059
6839,0,353569,356059
6840,0,353569,356059
6841,0,353569,356059
6842,0,353569,356059
6843,0,353569,356059
6844,0,353569,356059
6845,0,353569,356059
6846,0,353569,356059
6847,0,353569,356059
6848,0,353569,356059
6849,0,353569,356059
6850,0,353569,356059
6851,0,353569,356059
6852,0,353569,356059
6853,0,353569,356059
6854,0,353569,356059
6855,0,353569,356059
6856,0,353569,356059
6857,0,353569,356059
6858,0,353569,356059
6859,0,353569,356059
6860,0,353569,356059
6861,0,353569,356059
6862,0,353569,356059
6863,0,353569,356059
6864,0,353569,356059
6865,0,353569,356059
6866,0,353569,356059
6867,0,353569,356059
6868,0,353569,356059
6869,0,353569,356059
6870,0,353569,356059
6871,0,353569,356059
6872,0,353569,356059
6873,0,353569,356059
6874,0,353569,356059
6875,0,353569,356059
6876,0,353569,356059
6877,0,353569,356059
6878,0,353569,356059
6879,0,353569,356059
6880,0,353569,356059
6881,0,353569,356059
6882,0,353569,356059
6883,0,353569,356059
6884,0,353569,356059
6885,0,353569,356059
6886,0,353569,356059
6887,0,353569,356059
6888,0,353569,356059
6889,0,353569,356059
6890,0,353569,356059
6891,0,353569,356059
6892,0,353569,356059
6893,0,353569,356059
6894,0,353569,356059
6895,0,353569,356059
6896,0,353569,356059
6897,0,353569,356059
6898,0,353569,356059
6899,0,353569,356059
6900,0,353569,356059
6901,0,353569,356059
6902,0,353569,356059
6903,0,353569,356059
6904,0,353569,356059
6905,0,353569,356059
6906,0,353569,356059
6907,0,353569,356059
6908,0,353569,356059
6909,0,353569,356059
6910,0,353569,356059
6911,0,353569,356059
6912,0,353569,356059
6913,0,353569,356059
6914,0,353569,356059
6915,0,353569,356059
6916,0,353569,356059
6917,0,353569,356059
6918,0,353569,356059
6919,0,353569,356059
6920,0,353569,356059
6921,0,353569,356059
6922,0,353569,356059
6923,0,353569,356059
6924,0,353569,356059
6925,0,353569,356059
6926,0,353569,356059
6927,0,353569,356059
6928,0,353569,356059
6929,0,353569,356059
6930,0,353569,356059
6931,0,353569,356059
6932,0,353569,356059
6933,0,353569,356059
6934,0,353569,356059
6935,0,353569,356059
6936,0,353569,356059
6937,0,353569,356059
6938,0,353569,356059
6939,0,353569,356059
6940,0,353569,356059
6941,0,353569,356059
6942,0,353569,356059
6943,0,353569,356059
6944,0,353569,356059
6945,0,353569,356059
6946,0,353569,356059
6947,0,353569,356059
6948,0,353569,356059
6949,0,353569,356059
6950,0,353569,356059
6951,0,353569,356059
6952,0,353569,356059
6953,0,353569,356059
6954,0,353569,356059
6955,0,353569,356059
6956,0,353569,356059
6957,0,353569,356059
6958,0,353569,356059
6959,0,353569,356059
6960,0,353569,356059
6961,0,353569,356059
6962,0,353569,356059
6963,0,353569,356059
6964,0,353569,356059
6965,0,353569,356059
6966,0,353569,356059
6967,0,353569,356059
6968,0,353569,356059
6969,0,353569,356059
6970,0,353569,356059
6971,0,353569,356059
6972,0,353569,356059
6973,0,353569,356059
6974,0,353569,356059
6975,0,353569,356059
6976,0,353569,356059
6977,0,353569,356059
6978,0,353569,356059
6979,0,353569,356059
6980,0,353569,356059
6981,0,353569,356059
6982,0,353569,356059
6983,0,353569,356059
6984,0,353569,356059
6985,0,353569,356059
6986,0,353569,356059
6987,0,353569,356059
6988,0,353569,356059
6989,0,353569,356059
6990,0,353569,356059
6991,0,353569,356059
6992,0,353569,356059
6993,0,353569,356059
6994,0,353569,356059
6995,0,353569,356059
6996,0,353569,356059
6997,0,353569,356059
6998,0,353569,356059
6999,0,353569,356059
7000,0,353569,356059
